id,sentence,url
1,The Canada Border Services Agency has seized suitcases packed with illicit substances bound for Sri Lanka at Toronto Pearson International Airport earlier this month.,https://www.dailymirror.lk/breaking-news/44-kg-of-hashish--13-kg-of-cocaine-destined-for-Sri-Lanka-seized-at-Toronto-Airport/108-351208
2,"In a statement to CTV News, a CBSA spokesperson said the seizure took place Sept.",https://www.dailymirror.lk/breaking-news/44-kg-of-hashish--13-kg-of-cocaine-destined-for-Sri-Lanka-seized-at-Toronto-Airport/108-351208
3,Border officials seized a total of 44 kilograms of hashish and 13 kilograms of cocaine.,https://www.dailymirror.lk/breaking-news/44-kg-of-hashish--13-kg-of-cocaine-destined-for-Sri-Lanka-seized-at-Toronto-Airport/108-351208
4,One person was arrested and remanded to the Royal Canadian Mounted Police.,https://www.dailymirror.lk/breaking-news/44-kg-of-hashish--13-kg-of-cocaine-destined-for-Sri-Lanka-seized-at-Toronto-Airport/108-351208
5,No details about charges or the suspect were immediately available.,https://www.dailymirror.lk/breaking-news/44-kg-of-hashish--13-kg-of-cocaine-destined-for-Sri-Lanka-seized-at-Toronto-Airport/108-351208
6,"CBSA officers use a risk management approach, intelligence information, detection tools and look for indicators of deception to determine if a more in-depth examination is required,",https://www.dailymirror.lk/breaking-news/44-kg-of-hashish--13-kg-of-cocaine-destined-for-Sri-Lanka-seized-at-Toronto-Airport/108-351208
7,The government has dismissed reports alleging that it is taking steps to curtail rooftop solar power while promoting other energy sources.,https://www.dailymirror.lk/breaking-news/No-move-to-curtail-rooftop-solar:-Energy-Minister/108-351198
8,"Energy Minister Anura Karunathilake, speaking at a news briefing today, said the allegations were baseless and pointed to the government’s efforts to expand solar power generation across the country.",https://www.dailymirror.lk/breaking-news/No-move-to-curtail-rooftop-solar:-Energy-Minister/108-351198
9,"According to the Minister, the government has facilitated the addition of 1,513 MW of rooftop and ground-mounted solar capacity to the national grid over the past two years.",https://www.dailymirror.lk/breaking-news/No-move-to-curtail-rooftop-solar:-Energy-Minister/108-351198
10,"He said rooftop solar accounted for 1,141.1 MW of the capacity added to the grid during 2025 and 2026, while a further 534 MW came from ground-mounted solar projects.",https://www.dailymirror.lk/breaking-news/No-move-to-curtail-rooftop-solar:-Energy-Minister/108-351198
11,"The government plans to increase solar power capacity connected to the national grid by a further 4,585.7 MW by 2029, the Minister said.",https://www.dailymirror.lk/breaking-news/No-move-to-curtail-rooftop-solar:-Energy-Minister/108-351198
12,He said encouraging commuters to use public transport could reduce the number of vehicles entering Colombo and help ease traffic congestion.,https://www.dailymirror.lk/breaking-news/104-new-buses-to-join-Western-Province-routes-as-police-tighten-bus-lane-enforcement/108
13,There is an idea in crisis communications that saying nothing is the safest option.,https://www.dailymirror.lk/opinion/WHEN-SILENCE-STOPS-BEING-SAFE/231-351142
14,"But silence can create space for others to tell the story, and you must decide whether you can live with their version.",https://www.dailymirror.lk/opinion/WHEN-SILENCE-STOPS-BEING-SAFE/231-351142
15,"The Palace chose to answer, breaking with its usual reluctance to comment on books and ensuring that its response became a story in its own right.",https://www.dailymirror.lk/opinion/WHEN-SILENCE-STOPS-BEING-SAFE/231-351142
16,Communications is not always about making a story disappear.,https://www.dailymirror.lk/opinion/WHEN-SILENCE-STOPS-BEING-SAFE/231-351142
17,"Spencer can give interviews, defend his recollection and keep discussing the book.",https://www.dailymirror.lk/opinion/WHEN-SILENCE-STOPS-BEING-SAFE/231-351142
18,"In family businesses, ownership and personal relationships are often intertwined.",https://www.dailymirror.lk/opinion/WHEN-SILENCE-STOPS-BEING-SAFE/231-351142
19,An argument between relatives becomes something strangers can watch and take sides on.,https://www.dailymirror.lk/opinion/WHEN-SILENCE-STOPS-BEING-SAFE/231-351142
20,"The King, as head of state, cannot sensibly engage in a running public argument with his former brother-in-law.",https://www.dailymirror.lk/opinion/WHEN-SILENCE-STOPS-BEING-SAFE/231-351142
21,"Continued attention may help Spencer sell a new book; for the Palace, there is far more value in bringing the matter to a close.",https://www.dailymirror.lk/opinion/WHEN-SILENCE-STOPS-BEING-SAFE/231-351142
22,The difficulty is that going public changes the dispute itself.,https://www.dailymirror.lk/opinion/WHEN-SILENCE-STOPS-BEING-SAFE/231-351142
23,"Each new intervention creates pressure for an answer, and before long both parties can find themselves participating in a story",https://www.dailymirror.lk/opinion/WHEN-SILENCE-STOPS-BEING-SAFE/231-351142
24,That is why so much work in these situations happens away from public view.,https://www.dailymirror.lk/opinion/WHEN-SILENCE-STOPS-BEING-SAFE/231-351142
25,Ed Sheeran has faced a different problem on his North American tour.,https://www.dailymirror.lk/opinion/WHEN-SILENCE-STOPS-BEING-SAFE/231-351142
26,Other support acts subsequently withdrew in protest.,https://www.dailymirror.lk/opinion/WHEN-SILENCE-STOPS-BEING-SAFE/231-351142
27,Sheeran initially issued a statement setting out his account.,https://www.dailymirror.lk/opinion/WHEN-SILENCE-STOPS-BEING-SAFE/231-351142
28,"Objections followed from some of the venues scheduled to host later dates, and Sheeran said he tried to broker a solution before the promoter ultimately removed Macklemore from the remaining shows. ",https://www.dailymirror.lk/opinion/WHEN-SILENCE-STOPS-BEING-SAFE/231-351142
29," Preparation is necessary, particularly on an issue this sensitive, but if it looks overly rehearsed it can create distance at the moment you most need people to hear you as a person.",https://www.dailymirror.lk/opinion/WHEN-SILENCE-STOPS-BEING-SAFE/231-351142
30,You cannot write your way out of every crisis in one afternoon.,https://www.dailymirror.lk/opinion/WHEN-SILENCE-STOPS-BEING-SAFE/231-351142
31,"Advisers do not need to become foreign policy experts, but they do need enough understanding to recognise when an apparently straightforward commercial decision sits inside a much larger political and cultural argument. ",https://www.dailymirror.lk/opinion/WHEN-SILENCE-STOPS-BEING-SAFE/231-351142
32,"Events are still moving, other people including fellow music celebrities are still speaking and something said today may need to survive developments you cannot predict tomorrow.",https://www.dailymirror.lk/opinion/WHEN-SILENCE-STOPS-BEING-SAFE/231-351142
33,Iranian Foreign Minister Abbas Araghchi says his country has proposed a deal to the US that would see the Strait of Hormuz reopened within a week.,https://www.dailymirror.lk/international/Iran-offers-US-deal-to-reopen-Strait-of-Hormuz-in-seven-days/107-351191
34,The US and Israel launched air strikes on Iran on 28 February.,https://www.dailymirror.lk/international/Iran-offers-US-deal-to-reopen-Strait-of-Hormuz-in-seven-days/107-351191
35,Iran responded by attacking Israel and US bases in the Gulf and Arab Gulf allies of the US - as well as blocking the Strait of Hormuz.,https://www.dailymirror.lk/international/Iran-offers-US-deal-to-reopen-Strait-of-Hormuz-in-seven-days/107-351191
36,Some 20% of the world's oil and liquefied natural gas used to pass through the strait before the war and its closure has caused wild fluctuations of energy prices.,https://www.dailymirror.lk/international/Iran-offers-US-deal-to-reopen-Strait-of-Hormuz-in-seven-days/107-351191
37,It has also increased pressure on Trump to find a way of ending the conflict - particularly as the US heads to Congressional elections in November.,https://www.dailymirror.lk/international/Iran-offers-US-deal-to-reopen-Strait-of-Hormuz-in-seven-days/107-351191
38,"Araghchi told reporters at the UN in New York that this could be done ""if the necessary conditions are met"" and said these were contained within the memorandum of understanding (MOU) signed in June.",https://www.dailymirror.lk/international/Iran-offers-US-deal-to-reopen-Strait-of-Hormuz-in-seven-days/107-351191
39,The 14-point agreement said Iran would never have a nuclear weapon.,https://www.dailymirror.lk/international/Iran-offers-US-deal-to-reopen-Strait-of-Hormuz-in-seven-days/107-351191
40,Iran has attacked vessels it says have attempted to cross the Strait of Hormuz without authorisation.,https://www.dailymirror.lk/international/Iran-offers-US-deal-to-reopen-Strait-of-Hormuz-in-seven-days/107-351191
41,The US has attacked Iranian sites in the strait - as well as Iranian tankers off the country's coast.,https://www.dailymirror.lk/international/Iran-offers-US-deal-to-reopen-Strait-of-Hormuz-in-seven-days/107-351191
42,Pezeshkian also said Iran would now allow UN nuclear inspectors into the country.,https://www.dailymirror.lk/international/Iran-offers-US-deal-to-reopen-Strait-of-Hormuz-in-seven-days/107-351191
43,"Shipping data shows a recent 10-day average of about 18 transits per day, with daily numbers dropping as low as nine vessels on certain days, according to Kpler, a commodities data and analytics firm cited by Reuters.",https://www.dailymirror.lk/international/Iran-offers-US-deal-to-reopen-Strait-of-Hormuz-in-seven-days/107-351191
44,"The group seized large strategically important stretches of the Red Sea coast in a rapid offensive this month, including the port of Mokha, which overlooks the Bab al-Mandab Strait, another chokepoint for global shipping.",https://www.dailymirror.lk/international/Iran-offers-US-deal-to-reopen-Strait-of-Hormuz-in-seven-days/107-351191
45,"On Saturday, the Saudi-led coalition in Yemen said it had intercepted two ballistic missiles and drones launched by the Houthis towards Saudi Arabia.",https://www.dailymirror.lk/international/Iran-offers-US-deal-to-reopen-Strait-of-Hormuz-in-seven-days/107-351191
46,"Earlier this week, US President Donald Trump threatened to ""annihilate the Islamic Republic"".",https://www.dailymirror.lk/international/Iran-offers-US-deal-to-reopen-Strait-of-Hormuz-in-seven-days/107-351191
47,"Meanwhile, police will strictly enforce regulations governing bus priority lanes in Colombo and surrounding areas from September 29.",https://www.dailymirror.lk/breaking-news/104-new-buses-to-join-Western-Province-routes-as-police-tighten-bus-lane-enforcement/108-351217
48,"It also said Iran would ""make arrangements using its best efforts for the safe passage of commercial vessels"" through the strait and hold talks with Oman over future shipping arrangements.",https://www.dailymirror.lk/international/Iran-offers-US-deal-to-reopen-Strait-of-Hormuz-in-seven-days/107-351191
49,But it fell apart a short time later when both sides resumed strikes.,https://www.dailymirror.lk/international/Iran-offers-US-deal-to-reopen-Strait-of-Hormuz-in-seven-days/107-351191
50,"It has also maintained a blockade of Iranian ports, causing huge disruption to the Iranian economy.",https://www.dailymirror.lk/international/Iran-offers-US-deal-to-reopen-Strait-of-Hormuz-in-seven-days/107-351191
51,Trump since has claimed the US has been successful in getting oil out through the Strait of Hormuz.,https://www.dailymirror.lk/international/Iran-offers-US-deal-to-reopen-Strait-of-Hormuz-in-seven-days/107-351191
52,"Asked about the Iranian offer, a US official told the BBC positive discussions were taking place through mediators, including about nuclear issues.",https://www.dailymirror.lk/international/Iran-offers-US-deal-to-reopen-Strait-of-Hormuz-in-seven-days/107-351191
53,"During his speech at the UN General Assembly this week, Trump said he believed an Iran deal, which has so far eluded him, would come right after November's elections.",https://www.dailymirror.lk/international/Iran-offers-US-deal-to-reopen-Strait-of-Hormuz-in-seven-days/107-351191
54,"This race is spilling into factories, warehouses, ports and wider physical infrastructures.",https://www.dailymirror.lk/international/America-has-the-brain-China-has-the-body-The-next-USChina-tech-war/107-351194
55,This reflects the strategic dilemma: Washington cannot win on its own  if China still controls the overall industrial and manufacturing ecosystem.,https://www.dailymirror.lk/international/America-has-the-brain-China-has-the-body-The-next-USChina-tech-war/107-351194
56,The United States has learned an uncomfortable lesson: dependency is easiest to prevent before it becomes dependency.,https://www.dailymirror.lk/international/America-has-the-brain-China-has-the-body-The-next-USChina-tech-war/107-351194
57,"Once foreign technology has deeply integrated into national infrastructure, jettisoning it will be expensive and politically difficult.",https://www.dailymirror.lk/international/America-has-the-brain-China-has-the-body-The-next-USChina-tech-war/107-351194
58,"Stanford estimations reflect US private investment in AI at roughly US$285.9 billion in 2025, exceeding many others.",https://www.dailymirror.lk/international/America-has-the-brain-China-has-the-body-The-next-USChina-tech-war/107-351194
59,"In 2024, China manufactured almost 300,000 industrial robots, accounting for about 54% of global installations.",https://www.dailymirror.lk/international/America-has-the-brain-China-has-the-body-The-next-USChina-tech-war/107-351194
60,"The United States, by contrast, installed only around 34,000 industrial robots that same year.",https://www.dailymirror.lk/international/America-has-the-brain-China-has-the-body-The-next-USChina-tech-war/107-351194
61,"Every robot deployed provides useful experience and gives manufacturers opportunities to improve components, further reduce prices and strengthen supplier networks.",https://www.dailymirror.lk/international/America-has-the-brain-China-has-the-body-The-next-USChina-tech-war/107-351194
62,"The United States still maintains the intelligence and power gap in AI models and reasoning capacities, by far, compared to others.",https://www.dailymirror.lk/international/America-has-the-brain-China-has-the-body-The-next-USChina-tech-war/107-351194
63,"American companies still maintain unmatched knowledge in many frontier AI systems, semiconductor design, cloud computing and private technological investment.",https://www.dailymirror.lk/international/America-has-the-brain-China-has-the-body-The-next-USChina-tech-war/107-351194
64,Washington retains major leverage in the brain of the emerging robotic economy ecosystem.,https://www.dailymirror.lk/international/America-has-the-brain-China-has-the-body-The-next-USChina-tech-war/107-351194
65,"China’s greatest strength in the robotics competition is not always assumed to be in the race for the best AI models, but more in its capacity to manufacture at the highest scale and volume.",https://www.dailymirror.lk/international/America-has-the-brain-China-has-the-body-The-next-USChina-tech-war/107-351194
66,"Beijing is pursuing an opposite strategy, wanting scale before the market fully matures.",https://www.dailymirror.lk/international/America-has-the-brain-China-has-the-body-The-next-USChina-tech-war/107-351194
67,Both Washington and Beijing understand the stakes involved.,https://www.dailymirror.lk/international/America-has-the-brain-China-has-the-body-The-next-USChina-tech-war/107-351194
68,"This has increasingly shaped American strategy toward semiconductors, drones, critical minerals and other strategic technologies; now, robotics have joined the fray.",https://www.dailymirror.lk/international/America-has-the-brain-China-has-the-body-The-next-USChina-tech-war/107-351194
69,"Scale can create its own technological advantage, giving greater leverage to China in this case.",https://www.dailymirror.lk/international/America-has-the-brain-China-has-the-body-The-next-USChina-tech-war/107-351194
70,The broader objective is two-pronged: deny Chinese platforms the space to dominate America’s robotic and AI infrastructure while building a competitive US-and-allied embodied and supported AI ecosystem of its own.,https://www.dailymirror.lk/international/America-has-the-brain-China-has-the-body-The-next-USChina-tech-war/107-351194
71,This AI race will be the key battleground in determining who wins the global order in the new century.,https://www.dailymirror.lk/international/America-has-the-brain-China-has-the-body-The-next-USChina-tech-war/107-351194
72,"The fear is that these will give a strategic advantage to adversaries, just like a Trojan horse could.",https://www.dailymirror.lk/international/America-has-the-brain-China-has-the-body-The-next-USChina-tech-war/107-351194
73,"The concerns include surveillance, cyberattacks, supply-chain disruption and the risk of remote compromise.",https://www.dailymirror.lk/international/America-has-the-brain-China-has-the-body-The-next-USChina-tech-war/107-351194
74,The first three industrial revolutions left much of the Global South behind.,https://www.dailymirror.lk/international/Justin-Yifu-Lin-open-weight-AI-could-give-the-Global-South-a-second-chance/107-351181
75,The infrastructure underpinning AI remains deeply unequal.,https://www.dailymirror.lk/international/Justin-Yifu-Lin-open-weight-AI-could-give-the-Global-South-a-second-chance/107-351181
76,A similar divide is visible in adoption.,https://www.dailymirror.lk/international/Justin-Yifu-Lin-open-weight-AI-could-give-the-Global-South-a-second-chance/107-351181
77,"Demand, in other words, is already substantial even where infrastructure and access lag behind.",https://www.dailymirror.lk/international/Justin-Yifu-Lin-open-weight-AI-could-give-the-Global-South-a-second-chance/107-351181
78,"The dominant U.S. commercial model, in his account, relies heavily on capital, advanced chips and computing power, which requires higher investment and returns.",https://www.dailymirror.lk/international/Justin-Yifu-Lin-open-weight-AI-could-give-the-Global-South-a-second-chance/107-351181
79,"A developer in Lagos, Sao Paulo or Jakarta can download an advanced model and adapt it to local needs without negotiating a conventional technology-transfer agreement.",https://www.dailymirror.lk/international/Justin-Yifu-Lin-open-weight-AI-could-give-the-Global-South-a-second-chance/107-351181
80,Affordable access is only the first half of the argument.,https://www.dailymirror.lk/international/Justin-Yifu-Lin-open-weight-AI-could-give-the-Global-South-a-second-chance/107-351181
81,AI is becoming an object of that contest.,https://www.dailymirror.lk/international/Justin-Yifu-Lin-open-weight-AI-could-give-the-Global-South-a-second-chance/107-351181
82,The shift in economic weight is already substantial.,https://www.dailymirror.lk/international/Justin-Yifu-Lin-open-weight-AI-could-give-the-Global-South-a-second-chance/107-351181
83,"For much of the postwar period, development ideas flowed largely from developed to developing economies.",https://www.dailymirror.lk/international/Justin-Yifu-Lin-open-weight-AI-could-give-the-Global-South-a-second-chance/107-351181
84,AI access and co-operation were also on the BRICS agenda.,https://www.dailymirror.lk/international/Justin-Yifu-Lin-open-weight-AI-could-give-the-Global-South-a-second-chance/107-351181
85,That gap between demand and capacity is central to Lin’s argument.,https://www.dailymirror.lk/international/Justin-Yifu-Lin-open-weight-AI-could-give-the-Global-South-a-second-chance/107-351181
86,The second is that latecomers face fewer legacy costs.,https://www.dailymirror.lk/international/Justin-Yifu-Lin-open-weight-AI-could-give-the-Global-South-a-second-chance/107-351181
87,But access alone does not create a latecomer advantage.,https://www.dailymirror.lk/international/Justin-Yifu-Lin-open-weight-AI-could-give-the-Global-South-a-second-chance/107-351181
88,That leaves a crucial gap between access to a model and its productive use.,https://www.dailymirror.lk/international/Justin-Yifu-Lin-open-weight-AI-could-give-the-Global-South-a-second-chance/107-351181
89,The BRICS AI initiatives are intended to give developing countries a greater role in shaping how the technology is used and governed.,https://www.dailymirror.lk/international/Justin-Yifu-Lin-open-weight-AI-could-give-the-Global-South-a-second-chance/107-351181
90,Lin argues that learning should now run both ways.,https://www.dailymirror.lk/international/Justin-Yifu-Lin-open-weight-AI-could-give-the-Global-South-a-second-chance/107-351181
91,"Countries need “local talent to transform the technology into local applications,” Lin added.",https://www.dailymirror.lk/international/Justin-Yifu-Lin-open-weight-AI-could-give-the-Global-South-a-second-chance/107-351181
92,"The 11 BRICS economies accounted for about 41 per cent of global GDP in purchasing-power-parity terms in 2025, compared with 28 per cent for the G7, according to IMF data.",https://www.dailymirror.lk/international/Justin-Yifu-Lin-open-weight-AI-could-give-the-Global-South-a-second-chance/107-351181
93,"Ukrainian President Volodymyr Zelensky said Friday that US President Donald Trump will allow Ukraine to manufacture Patriot missiles, a key demand as Kyiv tries to fend off relentless Russian aerial attacks.",https://www.dailymirror.lk/international/Zelensky-says-Trump-has-made-final-decision-to-allow-Kyiv-to-make-Patriot-missiles/107-351163
94,"“During our last meeting, President Trump emphasized that, yes, I have made the final decision: Ukraine will receive a license to manufacture Patriot missiles.”",https://www.dailymirror.lk/international/Zelensky-says-Trump-has-made-final-decision-to-allow-Kyiv-to-make-Patriot-missiles/107-351163
95,"Trump suggested Ukraine would gain the right to make Patriots on the side lines of the NATO summit in Turkey back in July, but weeks later he cooled on the offer.",https://www.dailymirror.lk/international/Zelensky-says-Trump-has-made-final-decision-to-allow-Kyiv-to-make-Patriot-missiles/107-351163
96,CNN has approached the White House for comment.,https://www.dailymirror.lk/international/Zelensky-says-Trump-has-made-final-decision-to-allow-Kyiv-to-make-Patriot-missiles/107-351163
97,Saudi Arabia’s allies are rallying to support the country as the Houthi rebels step up attacks.,https://www.dailymirror.lk/international/Saudi-Arabia-allies-line-up-support-as-Houthi-attacks-mount/107-351155
98,"France confirmed on Friday that it is sending troops to guard the major oil terminal at Yanbu. Meanwhile, Saudi officials are meeting with peers from Pakistan and Turkiye to discuss options under their mutual defence pact.",https://www.dailymirror.lk/international/Saudi-Arabia-allies-line-up-support-as-Houthi-attacks-mount/107-351155
99,"Yanbu hosts major oil storage and refining facilities and is connected by the East-West Pipeline, which can carry up to seven million barrels a day.",https://www.dailymirror.lk/international/Saudi-Arabia-allies-line-up-support-as-Houthi-attacks-mount/107-351155
100,"The Houthis, also known as Ansar Allah (supporters of God), have repeatedly fired missiles and drones into Saudi Arabia, disrupting oil flows from the world’s largest energy exporter.",https://www.dailymirror.lk/international/Saudi-Arabia-allies-line-up-support-as-Houthi-attacks-mount/107-351155
101,Saudi forces said they had intercepted six ballistic missiles.,https://www.dailymirror.lk/international/Saudi-Arabia-allies-line-up-support-as-Houthi-attacks-mount/107-351155
102,They also condemned Houthi attacks that they claimed targeted Mecca and other civilian sites.,https://www.dailymirror.lk/international/Saudi-Arabia-allies-line-up-support-as-Houthi-attacks-mount/107-351155
103,"Saudi Arabia’s grand mufti called on soldiers to be ready to lay down their lives to fight the Houthis, according to the Saudi state news agency.",https://www.dailymirror.lk/international/Saudi-Arabia-allies-line-up-support-as-Houthi-attacks-mount/107-351155
104,"The US has not renewed military involvement, but Saudi Foreign Minister Prince Faisal bin Farhan Al Saud said the kingdom was “continuing to work with our partners in the US”.",https://www.dailymirror.lk/international/Saudi-Arabia-allies-line-up-support-as-Houthi-attacks-mount/107-351155
105,"Earlier this month, the Houthis seized the Yemeni port of Mocha and several Red Sea islands, giving them significant control over the Bab al-Mandeb strait, which usually carries about 12 percent of global oil trade.",https://www.dailymirror.lk/international/Saudi-Arabia-allies-line-up-support-as-Houthi-attacks-mount/107-351155
106,"Brent crude rose more than 3 percent on Thursday, briefly topping $108 a barrel, before easing to $105.77 on Friday morning.",https://www.dailymirror.lk/international/Saudi-Arabia-allies-line-up-support-as-Houthi-attacks-mount/107-351155
107,The Houthi targeting of Yanbu adds to the pressure on Saudi Arabia’s oil exports.,https://www.dailymirror.lk/international/Saudi-Arabia-allies-line-up-support-as-Houthi-attacks-mount/107-351155
108,"On Thursday, the rebel group said it had struck the facilities of state oil firm Aramco in Yanbu, and a “sensitive target” in Riyadh.",https://www.dailymirror.lk/international/Saudi-Arabia-allies-line-up-support-as-Houthi-attacks-mount/107-351155
109,Both of the Saudi allies are heavily involved as mediators seeking to bring an end to the conflicts across the Middle East.,https://www.dailymirror.lk/international/Saudi-Arabia-allies-line-up-support-as-Houthi-attacks-mount/107-351155
110,Strikes have also disrupted the operation of the East-West Pipeline linking Yanbu to export routes.,https://www.dailymirror.lk/international/Saudi-Arabia-allies-line-up-support-as-Houthi-attacks-mount/107-351155
111,"However, the Houthis have now forced the Saudis to switch some exports back to Hormuz.",https://www.dailymirror.lk/international/Saudi-Arabia-allies-line-up-support-as-Houthi-attacks-mount/107-351155
112,"French President Emmanuel Macron told broadcasters TF1 and France 2 that Paris is to send “soldiers, radars, and defence systems” to the Red Sea port of Yanbu.",https://www.dailymirror.lk/international/Saudi-Arabia-allies-line-up-support-as-Houthi-attacks-mount/107-351155
113,The plaque was formally handed over to AASL Chairman Admiral Kanchana Banagoda (Retd.) by SLAAA Head Kishantha Nimalaratne during the ninth Board Meeting of AASL held on September 22.,https://www.dailymirror.lk/business/SLAAA-receives-ICAO-TRAINAIR-PLUS-Silver-Membership-plaque/215-351141
114,"The ICAO TRAINAIR PLUS Programme is a global network of aviation training organisations aimed at improving the quality, safety and efficiency of aviation training worldwide.",https://www.dailymirror.lk/business/SLAAA-receives-ICAO-TRAINAIR-PLUS-Silver-Membership-plaque/215-351141
115,SLAAA has been a member of the ICAO training programme since 2007 and is currently the only training organisation in Sri Lanka holding ICAO TRAINAIR PLUS membership.,https://www.dailymirror.lk/business/SLAAA-receives-ICAO-TRAINAIR-PLUS-Silver-Membership-plaque/215-351141
116,The Academy said its participation in the programme had also contributed to the development of specialised professional expertise.,https://www.dailymirror.lk/business/SLAAA-receives-ICAO-TRAINAIR-PLUS-Silver-Membership-plaque/215-351141
117,"In 2025, a SLAAA officer was appointed as an ICAO Instructional Systems Design Validator.",https://www.dailymirror.lk/business/SLAAA-receives-ICAO-TRAINAIR-PLUS-Silver-Membership-plaque/215-351141
118,"The Associate (Silver) membership status is determined through ICAO’s performance measurement system, which assesses participating training organisations against established criteria.",https://www.dailymirror.lk/business/SLAAA-receives-ICAO-TRAINAIR-PLUS-Silver-Membership-plaque/215-351141
119,"Set against the lakeside setting of 8 Degrees, The Nordic Table will be available from 7:00 p.m. to 10:30 p.m., priced at Rs.8,500 nett per person.",https://www.dailymirror.lk/business/A-taste-of-Sweden-with-Chef-Carola-Magnusson-at-Cinnamon-Lakeside-Colombo/215-351087
120,"The celebrations begin on October 4, as The Lounge marks Swedish Cinnamon Bun Day with a special Cinnamon Bun High Tea Buffet.",https://www.dailymirror.lk/business/A-taste-of-Sweden-with-Chef-Carola-Magnusson-at-Cinnamon-Lakeside-Colombo/215-351087
121,"The Swedish culinary journey continues on October 16 and 17, with The Nordic Table, a special Swedish buffet at 8 Degrees.",https://www.dailymirror.lk/business/A-taste-of-Sweden-with-Chef-Carola-Magnusson-at-Cinnamon-Lakeside-Colombo/215-351087
122,Chef Carola returns to Colombo to share a taste of Sweden through the much-loved tradition of Swedish cinnamon buns and a specially curated Nordic dining experience.,https://www.dailymirror.lk/business/A-taste-of-Sweden-with-Chef-Carola-Magnusson-at-Cinnamon-Lakeside-Colombo/215-351087
123,"For reservations and enquiries, please contact Cinnamon Lakeside Colombo.",https://www.dailymirror.lk/business/A-taste-of-Sweden-with-Chef-Carola-Magnusson-at-Cinnamon-Lakeside-Colombo/215-351087
124,"During these hours, other vehicles will not be permitted to use or park in the designated lanes.",https://www.dailymirror.lk/breaking-news/104-new-buses-to-join-Western-Province-routes-as-police-tighten-bus-lane-enforcement/108-351217
125,The latest edition of the platform was held in Kandy.,https://www.dailymirror.lk/business/Beyond-Ordinary-Nations-Business-Advisory-Nations-Trust-Bank-advances-business-dialogue/215-351088
126,"Advocata Institute CEO Dhananath Fernando delivered the keynote address, sharing perspectives on economic trends, market dynamics and the evolving business landscape.",https://www.dailymirror.lk/business/Beyond-Ordinary-Nations-Business-Advisory-Nations-Trust-Bank-advances-business-dialogue/215-351088
127,"The session was followed by a panel discussion featuring Moore Consulting Managing Director and CA Sri Lanka President Tishan Subasinghe, Fernando and NTB Senior Executive Vice President Commercial Banking Arosha Liyanaarachchi.",https://www.dailymirror.lk/business/Beyond-Ordinary-Nations-Business-Advisory-Nations-Trust-Bank-advances-business-dialogue/215-351088
128,He added that the lanes could be used by Metro buses as well as other passenger transport buses.,https://www.dailymirror.lk/breaking-news/104-new-buses-to-join-Western-Province-routes-as-police-tighten-bus-lane-enforcement/108-351217
129,GS1 Sunrise 2027 is a global industry initiative aiming to transition retail checkout systems to read 2D barcodes such as QR codes and Data Matrix codes alongside traditional 1D UPC stripes by end-2027.,https://www.dailymirror.lk/business/GS1-Lanka-drives-SLs-shift-to-2D-barcodes/215-351090
130,"Addressing the AGM, GS1 Lanka President Revan Fernando noted that GS1 has been giving Sri Lankan products a globally recognised identity for more than 30 years.",https://www.dailymirror.lk/business/GS1-Lanka-drives-SLs-shift-to-2D-barcodes/215-351090
131,"Under its Sunrise 2027 initiative, GS1 Lanka is working with the retail and healthcare sectors to prepare the businesses for the transition to 2D barcodes. ",https://www.dailymirror.lk/business/GS1-Lanka-drives-SLs-shift-to-2D-barcodes/215-351090
132,"Unlike a conventional barcode used at checkout, a GS1 QR code can also connect consumers to a wider range of product information and support traceability and product verification through the GS1 standards.",https://www.dailymirror.lk/business/GS1-Lanka-drives-SLs-shift-to-2D-barcodes/215-351090
133,Blink International has acquired Wristlab as part of a long-term strategy to elevate the watch retail experience in Sri Lanka.,https://www.dailymirror.lk/business/Blink-International-acquires-Wristlab/215-351091
134,"Founded in 2019 under Orbit Worldwide (Pvt.) Ltd, Wristlab was created to fill the market vacuum for a one-stop retail experience.",https://www.dailymirror.lk/business/Blink-International-acquires-Wristlab/215-351091
135,"Blink founded in 2014 under Avarna Ventures operates an extensive distribution network spanning over 155 authorised doors across Sri Lanka, backed by robust after-sales infrastructure and access to genuine parts.",https://www.dailymirror.lk/business/Blink-International-acquires-Wristlab/215-351091
136,"Following the acquisition, Wristlab will be developed as Blink’s dedicated consumer-facing retail platform, with the ambition of evolving it into a stronger and more comprehensive multi-brand watch destination in Sri Lanka.",https://www.dailymirror.lk/business/Blink-International-acquires-Wristlab/215-351091
137,The integration delivers a convenient and flexible digital gifting experience while empowering the recipients with the freedom to choose how and where they use their gift.,https://www.dailymirror.lk/business/LB-CIM-Thyaga-bring-digital-gifting-services/215-351093
138,"It entered into a strategic partnership with Thyaga, Sri Lanka’s premier digital e-gifting voucher platform, to offer digital gifting services directly through the LB CIM app.",https://www.dailymirror.lk/business/LB-CIM-Thyaga-bring-digital-gifting-services/215-351093
139,"The partnership was officially launched at a signing ceremony held at LB Finance corporate office, marking another milestone in LB CIM’s journey to evolve beyond traditional financial services into a comprehensive lifestyle ecosystem.",https://www.dailymirror.lk/business/LB-CIM-Thyaga-bring-digital-gifting-services/215-351093
140,The digital gifting feature is now live on the LB CIM app.,https://www.dailymirror.lk/business/LB-CIM-Thyaga-bring-digital-gifting-services/215-351093
141,"The initiative strengthens LB CIM’s positioning as a next-generation digital platform that integrates finance, lifestyle and essential services into one seamless experience.",https://www.dailymirror.lk/business/LB-CIM-Thyaga-bring-digital-gifting-services/215-351093
142,Stable Outlook reflects resilient financial profile and confidence in company’s ability to navigate cost pressures and competitive intensity.,https://www.dailymirror.lk/business/CEAT-Kelani-retains-Fitch-AA-rating-for-6th-consecutive-year/215-351095
143,The ‘AA+(lka)’ rating is the second-highest national rating on Fitch’s scale and reflects a very strong capacity to meet financial commitments.,https://www.dailymirror.lk/business/CEAT-Kelani-retains-Fitch-AA-rating-for-6th-consecutive-year/215-351095
144,It also reflects Fitch’s expectation that the company will preserve adequate credit metrics despite periods of weaker earnings and elevated investment requirements.,https://www.dailymirror.lk/business/CEAT-Kelani-retains-Fitch-AA-rating-for-6th-consecutive-year/215-351095
145,The Stable Outlook reflects Fitch’s expectation that CKH will maintain its market position amid rising input costs and intensifying competition from imported tyres.,https://www.dailymirror.lk/business/CEAT-Kelani-retains-Fitch-AA-rating-for-6th-consecutive-year/215-351095
146,"The Sri Lanka fund is intended to create a structured channel for capital into listed and private Sri Lankan companies, leveraging complementary deal flow, research and investor networks on both sides of the Palk Strait.",https://www.dailymirror.lk/business/Ambeon-Capital-with-Chennai-firm-to-open-India-SL-investment-desks/215-351097
147,"The Colombo desk will be hosted by Ambeon (or an affiliate), with a primary focus on facilitating investment into India and other agreed markets, while also originating Sri Lankan opportunities.",https://www.dailymirror.lk/business/Ambeon-Capital-with-Chennai-firm-to-open-India-SL-investment-desks/215-351097
148,"The Chennai desk will be hosted by Sincere Syndication, with Avyukthi providing tax, regulatory, structuring, diligence and transaction-support capabilities.",https://www.dailymirror.lk/business/Ambeon-Capital-with-Chennai-firm-to-open-India-SL-investment-desks/215-351097
149,"In parallel, Ambeon is working with the partners on the launch of a dedicated Sri Lanka fund focused on Sri Lankan companies, structured in partnership with Sincere Syndication’s Bharat Transformation Fund. ",https://www.dailymirror.lk/business/Ambeon-Capital-with-Chennai-firm-to-open-India-SL-investment-desks/215-351097
150,Indian capital is increasingly looking beyond domestic borders for growth opportunities.,https://www.dailymirror.lk/business/Ambeon-Capital-with-Chennai-firm-to-open-India-SL-investment-desks/215-351097
