id,sentence_id,tagged
1,1,The/DT Canada/NNP Border/NNP Services/NNP Agency/NNP has/VBZ seized/VBN suitcases/NNS packed/VBD with/IN illicit/JJ substances/NNS bound/NN for/IN Sri/NNP Lanka/NNP at/IN Toronto/NNP Pearson/NNP International/NNP Airport/NNP earlier/RBR this/DT month/NN ./.
2,2,"In/IN a/DT statement/NN to/TO CTV/NNP News/NNP ,/, a/DT CBSA/NNP spokesperson/NN said/VBD the/DT seizure/NN took/VBD place/NN Sept/NNP ./."
3,3,Border/NN officials/NNS seized/VBD a/DT total/NN of/IN 44/CD kilograms/NNS of/IN hashish/NN and/CC 13/CD kilograms/NNS of/IN cocaine/NN ./.
4,4,One/CD person/NN was/VBD arrested/VBN and/CC remanded/VBN to/TO the/DT Royal/NNP Canadian/NNP Mounted/NNP Police/NNP ./.
5,5,No/DT details/NNS about/IN charges/NNS or/CC the/DT suspect/JJ were/VBD immediately/RB available/JJ ./.
6,6,"CBSA/NNP officers/NNS use/VBP a/DT risk/NN management/NN approach/NN ,/, intelligence/NN information/NN ,/, detection/NN tools/NNS and/CC look/NN for/IN indicators/NNS of/IN deception/NN to/TO determine/VB if/IN a/DT more/RBR in-depth/JJ examination/NN is/VBZ required/VBN ,/,"
7,7,The/DT government/NN has/VBZ dismissed/VBN reports/NNS alleging/VBG that/IN it/PRP is/VBZ taking/VBG steps/NNS to/TO curtail/VB rooftop/VB solar/JJ power/NN while/IN promoting/VBG other/JJ energy/NN sources/NNS ./.
8,8,"Energy/NNP Minister/NNP Anura/NNP Karunathilake/NNP ,/, speaking/NN at/IN a/DT news/NN briefing/NN today/NN ,/, said/VBD the/DT allegations/NNS were/VBD baseless/JJ and/CC pointed/VBD to/TO the/DT government/NN 's/POS efforts/NNS to/TO expand/VB solar/JJ power/NN generation/NN across/IN the/DT country/NN ./."
9,9,"According/VBG to/TO the/DT Minister/NNP ,/, the/DT government/NN has/VBZ facilitated/VBN the/DT addition/NN of/IN 1,513/CD MW/NNP of/IN rooftop/NN and/CC ground-mounted/JJ solar/JJ capacity/NN to/TO the/DT national/JJ grid/NN over/IN the/DT past/JJ two/CD years/NNS ./."
10,10,"He/PRP said/VBD rooftop/JJ solar/NN accounted/VBD for/IN 1,141.1/CD MW/NNP of/IN the/DT capacity/NN added/VBD to/TO the/DT grid/NN during/IN 2025/CD and/CC 2026/CD ,/, while/IN a/DT further/JJ 534/CD MW/NNP came/VBD from/IN ground-mounted/JJ solar/JJ projects/NNS ./."
11,11,"The/DT government/NN plans/NNS to/TO increase/VB solar/JJ power/NN capacity/NN connected/VBN to/TO the/DT national/JJ grid/NN by/IN a/DT further/JJ 4,585.7/CD MW/NNP by/IN 2029/CD ,/, the/DT Minister/NNP said/VBD ./."
12,12,He/PRP said/VBD encouraging/JJ commuters/NNS to/TO use/VB public/JJ transport/NN could/MD reduce/VB the/DT number/NN of/IN vehicles/NNS entering/VBG Colombo/NNP and/CC help/VB ease/NN traffic/NN congestion/NN ./.
13,13,There/EX is/VBZ an/DT idea/NN in/IN crisis/NN communications/NNS that/IN saying/VBG nothing/NN is/VBZ the/DT safest/JJS option/NN ./.
14,14,"But/CC silence/NN can/MD create/VB space/NN for/IN others/NNS to/TO tell/VB the/DT story/NN ,/, and/CC you/PRP must/MD decide/VB whether/IN you/PRP can/MD live/VB with/IN their/PRP$ version/NN ./."
15,15,"The/DT Palace/NNP chose/VBD to/TO answer/VB ,/, breaking/VBG with/IN its/PRP$ usual/JJ reluctance/NN to/TO comment/VB on/IN books/NNS and/CC ensuring/VBG that/IN its/PRP$ response/NN became/VBD a/DT story/NN in/IN its/PRP$ own/JJ right/NN ./."
16,16,Communications/NNS is/VBZ not/RB always/RB about/IN making/VBG a/DT story/NN disappear/NN ./.
17,17,"Spencer/NN can/MD give/VB interviews/NNS ,/, defend/VB his/PRP$ recollection/NN and/CC keep/VB discussing/VBG the/DT book/NN ./."
18,18,"In/IN family/NN businesses/NNS ,/, ownership/NN and/CC personal/JJ relationships/NNS are/VBP often/RB intertwined/VBN ./."
19,19,An/DT argument/NN between/IN relatives/NNS becomes/RB something/NN strangers/NNS can/MD watch/VB and/CC take/VB sides/NNS on/IN ./.
20,20,"The/DT King/NNP ,/, as/IN head/NN of/IN state/NN ,/, can/MD not/RB sensibly/RB engage/VB in/IN a/DT running/JJ public/JJ argument/NN with/IN his/PRP$ former/JJ brother-in-law/NN ./."
21,21,"Continued/JJ attention/NN may/MD help/VB Spencer/NNP sell/VB a/DT new/JJ book/NN ;/: for/IN the/DT Palace/NNP ,/, there/EX is/VBZ far/RB more/JJR value/NN in/IN bringing/VBG the/DT matter/NN to/TO a/DT close/NN ./."
22,22,The/DT difficulty/NN is/VBZ that/IN going/VBG public/JJ changes/NNS the/DT dispute/NN itself/PRP ./.
23,23,"Each/DT new/JJ intervention/NN creates/VBZ pressure/NN for/IN an/DT answer/NN ,/, and/CC before/IN long/JJ both/DT parties/NNS can/MD find/VB themselves/PRP participating/VBG in/IN a/DT story/NN"
24,24,That/DT is/VBZ why/WRB so/RB much/JJ work/NN in/IN these/DT situations/NNS happens/VBZ away/RB from/IN public/JJ view/NN ./.
25,25,Ed/NNP Sheeran/NNP has/VBZ faced/VBN a/DT different/JJ problem/NN on/IN his/PRP$ North/JJ American/JJ tour/NN ./.
26,26,Other/JJ support/NN acts/NNS subsequently/RB withdrew/VBP in/IN protest/NN ./.
27,27,Sheeran/NNP initially/RB issued/VBD a/DT statement/NN setting/VBG out/RP his/PRP$ account/NN ./.
28,28,"Objections/NNS followed/VBD from/IN some/DT of/IN the/DT venues/NNS scheduled/VBN to/TO host/VB later/RB dates/NNS ,/, and/CC Sheeran/NNP said/VBD he/PRP tried/VBD to/TO broker/VB a/DT solution/NN before/IN the/DT promoter/NN ultimately/RB removed/VBD Macklemore/NNP from/IN the/DT remaining/VBG shows/NNS ./."
29,29,"Preparation/NN is/VBZ necessary/JJ ,/, particularly/RB on/IN an/DT issue/NN this/DT sensitive/JJ ,/, but/CC if/IN it/PRP looks/VBZ overly/RB rehearsed/VBN it/PRP can/MD create/VB distance/NN at/IN the/DT moment/NN you/PRP most/RBS need/VBP people/NNS to/TO hear/VB you/PRP as/IN a/DT person/NN ./."
30,30,You/PRP can/MD not/RB write/VB your/PRP$ way/NN out/IN of/IN every/DT crisis/NN in/IN one/CD afternoon/NN ./.
31,31,"Advisers/NNS do/VBP not/RB need/VB to/TO become/VB foreign/JJ policy/NN experts/NNS ,/, but/CC they/PRP do/VBP need/VB enough/RB understanding/JJ to/TO recognise/VB when/WRB an/DT apparently/RB straightforward/JJ commercial/JJ decision/NN sits/NNS inside/IN a/DT much/JJ larger/JJR political/JJ and/CC cultural/JJ argument/NN ./."
32,32,"Events/NNS are/VBP still/RB moving/VBG ,/, other/JJ people/NNS including/VBG fellow/JJ music/NN celebrities/NNS are/VBP still/RB speaking/VBG and/CC something/NN said/VBD today/NN may/MD need/VB to/TO survive/VB developments/NNS you/PRP can/MD not/RB predict/VB tomorrow/NN ./."
33,33,Iranian/JJ Foreign/NNP Minister/NNP Abbas/NNP Araghchi/NNP says/VBZ his/PRP$ country/NN has/VBZ proposed/VBN a/DT deal/NN to/TO the/DT US/NNP that/WDT would/MD see/VB the/DT Strait/NNP of/IN Hormuz/NNP reopened/VBD within/IN a/DT week/NN ./.
34,34,The/DT US/NNP and/CC Israel/NNP launched/VBD air/NN strikes/NNS on/IN Iran/NNP on/IN 28/CD February/NNP ./.
35,35,Iran/NNP responded/VBD by/IN attacking/VBG Israel/NNP and/CC US/NNP bases/NNS in/IN the/DT Gulf/NNP and/CC Arab/NNP Gulf/NNP allies/NNS of/IN the/DT US/NNP -/: as/RB well/RB as/IN blocking/VBG the/DT Strait/NNP of/IN Hormuz/NNP ./.
36,36,Some/DT 20/CD %/NN of/IN the/DT world/NN 's/POS oil/NN and/CC liquefied/VBD natural/JJ gas/NN used/VBN to/TO pass/VB through/IN the/DT strait/NN before/IN the/DT war/NN and/CC its/PRP$ closure/NN has/VBZ caused/VBN wild/JJ fluctuations/NNS of/IN energy/NN prices/NNS ./.
37,37,It/PRP has/VBZ also/RB increased/VBN pressure/NN on/IN Trump/NNP to/TO find/VB a/DT way/NN of/IN ending/VBG the/DT conflict/NN -/: particularly/RB as/IN the/DT US/NNP heads/NNS to/TO Congressional/JJ elections/NNS in/IN November/NNP ./.
38,38,Araghchi/NNP told/VBD reporters/NNS at/IN the/DT UN/NNP in/IN New/NNP York/NNP that/IN this/DT could/MD be/VB done/VBN ``/`` if/IN the/DT necessary/JJ conditions/NNS are/VBP met/VBN ''/'' and/CC said/VBD these/DT were/VBD contained/VBN within/IN the/DT memorandum/NN of/IN understanding/NN (/( MOU/NNP )/) signed/VBN in/IN June/NNP ./.
39,39,The/DT 14-point/JJ agreement/NN said/VBD Iran/NNP would/MD never/RB have/VB a/DT nuclear/JJ weapon/NN ./.
40,40,Iran/NNP has/VBZ attacked/VBN vessels/NNS it/PRP says/VBZ have/VBP attempted/VBN to/TO cross/VB the/DT Strait/NNP of/IN Hormuz/NNP without/IN authorisation/NN ./.
41,41,The/DT US/NNP has/VBZ attacked/VBN Iranian/JJ sites/NNS in/IN the/DT strait/NN -/: as/RB well/RB as/IN Iranian/JJ tankers/NNS off/IN the/DT country/NN 's/POS coast/NN ./.
42,42,Pezeshkian/NN also/RB said/VBD Iran/NNP would/MD now/RB allow/VB UN/NNP nuclear/JJ inspectors/NNS into/IN the/DT country/NN ./.
43,43,"Shipping/VBG data/NNS shows/VBZ a/DT recent/JJ 10-day/JJ average/NN of/IN about/IN 18/CD transits/NNS per/IN day/NN ,/, with/IN daily/JJ numbers/NNS dropping/VBG as/RB low/JJ as/IN nine/CD vessels/NNS on/IN certain/JJ days/NNS ,/, according/VBG to/TO Kpler/NNP ,/, a/DT commodities/NNS data/NNS and/CC analytics/NNS firm/NN cited/VBN by/IN Reuters/NNP ./."
44,44,"The/DT group/NN seized/VBD large/JJ strategically/RB important/JJ stretches/NNS of/IN the/DT Red/NNP Sea/NNP coast/NN in/IN a/DT rapid/JJ offensive/JJ this/DT month/NN ,/, including/VBG the/DT port/NN of/IN Mokha/NNP ,/, which/WDT overlooks/VBZ the/DT Bab/NNP al-Mandab/JJ Strait/NNP ,/, another/DT chokepoint/NN for/IN global/JJ shipping/NN ./."
45,45,"On/IN Saturday/NNP ,/, the/DT Saudi-led/JJ coalition/NN in/IN Yemen/NNP said/VBD it/PRP had/VBD intercepted/VBN two/CD ballistic/JJ missiles/NNS and/CC drones/NNS launched/VBN by/IN the/DT Houthis/NNP towards/NNS Saudi/NNP Arabia/NNP ./."
46,46,"Earlier/RBR this/DT week/NN ,/, US/NNP President/NNP Donald/NNP Trump/NNP threatened/VBD to/TO ``/`` annihilate/VB the/DT Islamic/NNP Republic/NNP ''/'' ./."
47,47,"Meanwhile/RB ,/, police/NN will/MD strictly/RB enforce/VB regulations/NNS governing/VBG bus/NN priority/NN lanes/NNS in/IN Colombo/NNP and/CC surrounding/VBG areas/NNS from/IN September/NNP 29/CD ./."
48,48,It/PRP also/RB said/VBD Iran/NNP would/MD ``/`` make/VB arrangements/NNS using/VBG its/PRP$ best/JJS efforts/NNS for/IN the/DT safe/JJ passage/NN of/IN commercial/JJ vessels/NNS ''/'' through/IN the/DT strait/NN and/CC hold/VB talks/NNS with/IN Oman/NNP over/IN future/JJ shipping/VBG arrangements/NNS ./.
49,49,But/CC it/PRP fell/VBD apart/RB a/DT short/JJ time/NN later/RB when/WRB both/DT sides/NNS resumed/VBD strikes/NNS ./.
50,50,"It/PRP has/VBZ also/RB maintained/VBN a/DT blockade/NN of/IN Iranian/JJ ports/NNS ,/, causing/VBG huge/JJ disruption/NN to/TO the/DT Iranian/JJ economy/NN ./."
51,51,Trump/NN since/IN has/VBZ claimed/VBN the/DT US/NNP has/VBZ been/VBN successful/JJ in/IN getting/VBG oil/NN out/IN through/IN the/DT Strait/NNP of/IN Hormuz/NNP ./.
52,52,"Asked/VBN about/IN the/DT Iranian/JJ offer/NN ,/, a/DT US/NNP official/NN told/VBD the/DT BBC/NNP positive/JJ discussions/NNS were/VBD taking/VBG place/NN through/IN mediators/NNS ,/, including/VBG about/IN nuclear/JJ issues/NNS ./."
53,53,"During/IN his/PRP$ speech/NN at/IN the/DT UN/NNP General/NNP Assembly/NNP this/DT week/NN ,/, Trump/NNP said/VBD he/PRP believed/VBD an/DT Iran/NNP deal/NN ,/, which/WDT has/VBZ so/RB far/RB eluded/VBD him/PRP ,/, would/MD come/VB right/RB after/IN November/NNP 's/POS elections/NNS ./."
54,54,"This/DT race/NN is/VBZ spilling/VBG into/IN factories/NNS ,/, warehouses/NNS ,/, ports/NNS and/CC wider/VB physical/JJ infrastructures/NNS ./."
55,55,This/DT reflects/VBZ the/DT strategic/JJ dilemma/NN :/: Washington/NNP can/MD not/RB win/VB on/IN its/PRP$ own/JJ if/IN China/NNP still/RB controls/VBZ the/DT overall/JJ industrial/JJ and/CC manufacturing/VBG ecosystem/NN ./.
56,56,The/DT United/NNP States/NNPS has/VBZ learned/VBN an/DT uncomfortable/JJ lesson/NN :/: dependency/NN is/VBZ easiest/JJS to/TO prevent/VB before/IN it/PRP becomes/VBZ dependency/NN ./.
57,57,"Once/RB foreign/JJ technology/NN has/VBZ deeply/RB integrated/VBN into/IN national/JJ infrastructure/NN ,/, jettisoning/VBG it/PRP will/MD be/VB expensive/JJ and/CC politically/RB difficult/JJ ./."
58,58,"Stanford/NNP estimations/NNS reflect/VBP US/NNP private/JJ investment/NN in/IN AI/NNP at/IN roughly/RB US/NNP $/$ 285.9/CD billion/CD in/IN 2025/CD ,/, exceeding/VBG many/JJ others/NNS ./."
59,59,"In/IN 2024/CD ,/, China/NNP manufactured/VBD almost/RB 300,000/CD industrial/JJ robots/NNS ,/, accounting/NN for/IN about/RB 54/CD %/NN of/IN global/JJ installations/NNS ./."
60,60,"The/DT United/NNP States/NNPS ,/, by/IN contrast/NN ,/, installed/VBD only/RB around/RB 34,000/CD industrial/JJ robots/NNS that/WDT same/JJ year/NN ./."
61,61,"Every/DT robot/NN deployed/VBN provides/VBZ useful/JJ experience/NN and/CC gives/VBZ manufacturers/NNS opportunities/NNS to/TO improve/VB components/NNS ,/, further/JJ reduce/VB prices/NNS and/CC strengthen/NN supplier/NN networks/NNS ./."
62,62,"The/DT United/NNP States/NNPS still/RB maintains/VBZ the/DT intelligence/NN and/CC power/NN gap/NN in/IN AI/NNP models/NNS and/CC reasoning/VBG capacities/NNS ,/, by/IN far/RB ,/, compared/VBN to/TO others/NNS ./."
63,63,"American/JJ companies/NNS still/RB maintain/VBP unmatched/JJ knowledge/NN in/IN many/JJ frontier/JJR AI/NNP systems/NNS ,/, semiconductor/NN design/NN ,/, cloud/NN computing/NN and/CC private/JJ technological/JJ investment/NN ./."
64,64,Washington/NNP retains/VBZ major/JJ leverage/NN in/IN the/DT brain/NN of/IN the/DT emerging/VBG robotic/JJ economy/NN ecosystem/NN ./.
65,65,"China/NNP 's/POS greatest/JJS strength/NN in/IN the/DT robotics/NNS competition/NN is/VBZ not/RB always/RB assumed/VBN to/TO be/VB in/IN the/DT race/NN for/IN the/DT best/JJS AI/NN models/NNS ,/, but/CC more/RBR in/IN its/PRP$ capacity/NN to/TO manufacture/VB at/IN the/DT highest/JJS scale/NN and/CC volume/NN ./."
66,66,"Beijing/NNP is/VBZ pursuing/VBG an/DT opposite/JJ strategy/NN ,/, wanting/VBG scale/NN before/IN the/DT market/NN fully/RB matures/VBZ ./."
67,67,Both/DT Washington/NNP and/CC Beijing/NNP understand/VBP the/DT stakes/NNS involved/VBN ./.
68,68,"This/DT has/VBZ increasingly/RB shaped/VBN American/JJ strategy/NN toward/IN semiconductors/NNS ,/, drones/NNS ,/, critical/JJ minerals/NNS and/CC other/JJ strategic/JJ technologies/NNS ;/: now/RB ,/, robotics/NNS have/VBP joined/VBN the/DT fray/NN ./."
69,69,"Scale/NN can/MD create/VB its/PRP$ own/JJ technological/JJ advantage/NN ,/, giving/VBG greater/JJR leverage/NN to/TO China/NNP in/IN this/DT case/NN ./."
70,70,The/DT broader/JJR objective/JJ is/VBZ two-pronged/JJ :/: deny/NN Chinese/JJ platforms/VBZ the/DT space/NN to/TO dominate/VB America/NNP 's/POS robotic/JJ and/CC AI/NNP infrastructure/NN while/IN building/VBG a/DT competitive/JJ US-and-allied/JJ embodied/VBN and/CC supported/VBN AI/NNP ecosystem/NN of/IN its/PRP$ own/JJ ./.
71,71,This/DT AI/NNP race/NN will/MD be/VB the/DT key/JJ battleground/NN in/IN determining/VBG who/WP wins/VBZ the/DT global/JJ order/NN in/IN the/DT new/JJ century/NN ./.
72,72,"The/DT fear/NN is/VBZ that/IN these/DT will/MD give/VB a/DT strategic/JJ advantage/NN to/TO adversaries/NNS ,/, just/RB like/IN a/DT Trojan/NNP horse/NN could/MD ./."
73,73,"The/DT concerns/NNS include/VBP surveillance/NN ,/, cyberattacks/NNS ,/, supply-chain/JJ disruption/NN and/CC the/DT risk/NN of/IN remote/JJ compromise/NN ./."
74,74,The/DT first/JJ three/CD industrial/JJ revolutions/NNS left/VBD much/RB of/IN the/DT Global/NNP South/NNP behind/IN ./.
75,75,The/DT infrastructure/NN underpinning/JJ AI/NNP remains/VBZ deeply/RB unequal/JJ ./.
76,76,A/DT similar/JJ divide/NN is/VBZ visible/JJ in/IN adoption/NN ./.
77,77,"Demand/NN ,/, in/IN other/JJ words/NNS ,/, is/VBZ already/RB substantial/JJ even/RB where/WRB infrastructure/NN and/CC access/NN lag/NN behind/IN ./."
78,78,"The/DT dominant/JJ U.S./NNP commercial/JJ model/NN ,/, in/IN his/PRP$ account/NN ,/, relies/VBZ heavily/RB on/IN capital/NN ,/, advanced/VBD chips/NNS and/CC computing/VBG power/NN ,/, which/WDT requires/VBZ higher/JJR investment/NN and/CC returns/NNS ./."
79,79,"A/DT developer/NN in/IN Lagos/NNP ,/, Sao/NNP Paulo/NNP or/CC Jakarta/NNP can/MD download/VB an/DT advanced/JJ model/NN and/CC adapt/VB it/PRP to/TO local/JJ needs/NNS without/IN negotiating/VBG a/DT conventional/JJ technology-transfer/JJ agreement/NN ./."
80,80,Affordable/JJ access/NN is/VBZ only/RB the/DT first/JJ half/NN of/IN the/DT argument/NN ./.
81,81,AI/NNP is/VBZ becoming/VBG an/DT object/NN of/IN that/DT contest/NN ./.
82,82,The/DT shift/NN in/IN economic/JJ weight/NN is/VBZ already/RB substantial/JJ ./.
83,83,"For/IN much/JJ of/IN the/DT postwar/JJ period/NN ,/, development/NN ideas/NNS flowed/VBD largely/RB from/IN developed/VBN to/TO developing/VBG economies/NNS ./."
84,84,AI/NNP access/NN and/CC co-operation/NN were/VBD also/RB on/IN the/DT BRICS/NNP agenda/NN ./.
85,85,That/DT gap/NN between/IN demand/NN and/CC capacity/NN is/VBZ central/JJ to/TO Lin/NNP 's/POS argument/NN ./.
86,86,The/DT second/JJ is/VBZ that/IN latecomers/NNS face/VBP fewer/JJR legacy/NN costs/NNS ./.
87,87,But/CC access/NN alone/RB does/VBZ not/RB create/VB a/DT latecomer/JJ advantage/NN ./.
88,88,That/DT leaves/VBZ a/DT crucial/JJ gap/NN between/IN access/NN to/TO a/DT model/NN and/CC its/PRP$ productive/JJ use/NN ./.
89,89,The/DT BRICS/NNP AI/NNP initiatives/NNS are/VBP intended/VBN to/TO give/VB developing/VBG countries/NNS a/DT greater/JJR role/NN in/IN shaping/VBG how/WRB the/DT technology/NN is/VBZ used/VBN and/CC governed/VBN ./.
90,90,Lin/NNP argues/VBZ that/IN learning/VBG should/MD now/RB run/VB both/DT ways/NNS ./.
91,91,"Countries/NNS need/VBP ``/`` local/JJ talent/NN to/TO transform/VB the/DT technology/NN into/IN local/JJ applications/NNS ,/, ''/'' Lin/NNP added/VBD ./."
92,92,"The/DT 11/CD BRICS/NNP economies/NNS accounted/VBD for/IN about/IN 41/CD per/IN cent/NN of/IN global/JJ GDP/NNP in/IN purchasing-power-parity/NN terms/NNS in/IN 2025/CD ,/, compared/VBN with/IN 28/CD per/IN cent/NN for/IN the/DT G7/NNP ,/, according/VBG to/TO IMF/NNP data/NNS ./."
93,93,"Ukrainian/JJ President/NNP Volodymyr/NNP Zelensky/NNP said/VBD Friday/NNP that/IN US/NNP President/NNP Donald/NNP Trump/NNP will/MD allow/VB Ukraine/NNP to/TO manufacture/VB Patriot/NNP missiles/NNS ,/, a/DT key/JJ demand/NN as/IN Kyiv/NNP tries/VBZ to/TO fend/VB off/RP relentless/NN Russian/JJ aerial/JJ attacks/NNS ./."
94,94,"``/`` During/IN our/PRP$ last/JJ meeting/NN ,/, President/NNP Trump/NNP emphasized/VBD that/IN ,/, yes/UH ,/, I/PRP have/VBP made/VBN the/DT final/JJ decision/NN :/: Ukraine/NN will/MD receive/VB a/DT license/NN to/TO manufacture/VB Patriot/NNP missiles/NNS ./. ''/''"
95,95,"Trump/NNP suggested/VBD Ukraine/NNP would/MD gain/VB the/DT right/NN to/TO make/VB Patriots/NNS on/IN the/DT side/NN lines/NNS of/IN the/DT NATO/NNP summit/NN in/IN Turkey/NNP back/RB in/IN July/NNP ,/, but/CC weeks/NNS later/RB he/PRP cooled/VBD on/IN the/DT offer/NN ./."
96,96,CNN/NNP has/VBZ approached/VBN the/DT White/NNP House/NNP for/IN comment/NN ./.
97,97,Saudi/NNP Arabia/NNP 's/POS allies/NNS are/VBP rallying/VBG to/TO support/VB the/DT country/NN as/IN the/DT Houthi/NNP rebels/NNS step/VB up/RB attacks/NNS ./.
98,98,"France/NNP confirmed/VBD on/IN Friday/NNP that/IN it/PRP is/VBZ sending/VBG troops/NNS to/TO guard/VB the/DT major/JJ oil/NN terminal/NN at/IN Yanbu/NNP ./. Meanwhile/RB ,/, Saudi/NNP officials/NNS are/VBP meeting/VBG with/IN peers/NNS from/IN Pakistan/NNP and/CC Turkiye/NNP to/TO discuss/VB options/NNS under/IN their/PRP$ mutual/JJ defence/NN pact/NN ./."
99,99,"Yanbu/NN hosts/NNS major/JJ oil/NN storage/NN and/CC refining/NN facilities/NNS and/CC is/VBZ connected/VBN by/IN the/DT East-West/NNP Pipeline/NNP ,/, which/WDT can/MD carry/VB up/RP to/TO seven/CD million/CD barrels/NNS a/DT day/NN ./."
100,100,"The/DT Houthis/NNP ,/, also/RB known/VBN as/IN Ansar/NNP Allah/NNP (/( supporters/NNS of/IN God/NNP )/) ,/, have/VBP repeatedly/RB fired/VBN missiles/NNS and/CC drones/NNS into/IN Saudi/NNP Arabia/NNP ,/, disrupting/VBG oil/NN flows/NNS from/IN the/DT world/NN 's/POS largest/JJS energy/NN exporter/NN ./."
101,101,Saudi/NNP forces/NNS said/VBD they/PRP had/VBD intercepted/VBN six/CD ballistic/JJ missiles/NNS ./.
102,102,They/PRP also/RB condemned/VBD Houthi/NNP attacks/NNS that/IN they/PRP claimed/VBD targeted/VBN Mecca/NNP and/CC other/JJ civilian/JJ sites/NNS ./.
103,103,"Saudi/NNP Arabia/NNP 's/POS grand/JJ mufti/NN called/VBN on/IN soldiers/NNS to/TO be/VB ready/JJ to/TO lay/VB down/RP their/PRP$ lives/NNS to/TO fight/VB the/DT Houthis/NNP ,/, according/VBG to/TO the/DT Saudi/NNP state/NN news/NN agency/NN ./."
104,104,"The/DT US/NNP has/VBZ not/RB renewed/VBN military/JJ involvement/NN ,/, but/CC Saudi/NNP Foreign/NNP Minister/NNP Prince/NNP Faisal/NNP bin/VBZ Farhan/NNP Al/NNP Saud/NNP said/VBD the/DT kingdom/NN was/VBD ``/`` continuing/VBG to/TO work/VB with/IN our/PRP$ partners/NNS in/IN the/DT US/NNP ''/'' ./."
105,105,"Earlier/RBR this/DT month/NN ,/, the/DT Houthis/NNP seized/VBD the/DT Yemeni/NNP port/NN of/IN Mocha/NNP and/CC several/JJ Red/NNP Sea/NNP islands/NNS ,/, giving/VBG them/PRP significant/JJ control/NN over/IN the/DT Bab/NNP al-Mandeb/JJ strait/NN ,/, which/WDT usually/RB carries/VBZ about/IN 12/CD percent/NN of/IN global/JJ oil/NN trade/NN ./."
106,106,"Brent/JJ crude/NN rose/VBD more/JJR than/IN 3/CD percent/NN on/IN Thursday/NNP ,/, briefly/NN topping/VBG $/$ 108/CD a/DT barrel/NN ,/, before/IN easing/VBG to/TO $/$ 105.77/CD on/IN Friday/NNP morning/NN ./."
107,107,The/DT Houthi/NNP targeting/NN of/IN Yanbu/NNP adds/VBZ to/TO the/DT pressure/NN on/IN Saudi/NNP Arabia/NNP 's/POS oil/NN exports/NNS ./.
108,108,"On/IN Thursday/NNP ,/, the/DT rebel/NN group/NN said/VBD it/PRP had/VBD struck/VBN the/DT facilities/NNS of/IN state/NN oil/NN firm/NN Aramco/NNP in/IN Yanbu/NNP ,/, and/CC a/DT ``/`` sensitive/JJ target/NN ''/'' in/IN Riyadh/NNP ./."
109,109,Both/DT of/IN the/DT Saudi/NNP allies/NNS are/VBP heavily/RB involved/VBN as/IN mediators/NNS seeking/VBG to/TO bring/VB an/DT end/NN to/TO the/DT conflicts/NNS across/IN the/DT Middle/NNP East/NNP ./.
110,110,Strikes/NNS have/VBP also/RB disrupted/VBN the/DT operation/NN of/IN the/DT East-West/NNP Pipeline/NNP linking/VBG Yanbu/NNP to/TO export/VB routes/NNS ./.
111,111,"However/RB ,/, the/DT Houthis/NNP have/VBP now/RB forced/VBN the/DT Saudis/NNP to/TO switch/VB some/DT exports/NNS back/RB to/TO Hormuz/NNP ./."
112,112,"French/JJ President/NNP Emmanuel/NNP Macron/NNP told/VBD broadcasters/NNS TF1/NNP and/CC France/NNP 2/CD that/IN Paris/NNP is/VBZ to/TO send/VB ``/`` soldiers/NNS ,/, radars/NNS ,/, and/CC defence/NN systems/NNS ''/'' to/TO the/DT Red/NNP Sea/NNP port/NN of/IN Yanbu/NNP ./."
113,113,The/DT plaque/NN was/VBD formally/RB handed/VBN over/RP to/TO AASL/NNP Chairman/NNP Admiral/NNP Kanchana/NNP Banagoda/NNP (/( Retd/NNP ./. )/) by/IN SLAAA/NNP Head/NNP Kishantha/NNP Nimalaratne/NNP during/IN the/DT ninth/JJ Board/NNP Meeting/NNP of/IN AASL/NNP held/VBD on/IN September/NNP 22/CD ./.
114,114,"The/DT ICAO/NNP TRAINAIR/NNP PLUS/NNP Programme/NNP is/VBZ a/DT global/JJ network/NN of/IN aviation/NN training/NN organisations/NNS aimed/VBN at/IN improving/VBG the/DT quality/NN ,/, safety/NN and/CC efficiency/NN of/IN aviation/NN training/NN worldwide/NN ./."
115,115,SLAAA/NNP has/VBZ been/VBN a/DT member/NN of/IN the/DT ICAO/NNP training/NN programme/NN since/IN 2007/CD and/CC is/VBZ currently/RB the/DT only/JJ training/NN organisation/NN in/IN Sri/NNP Lanka/NNP holding/VBG ICAO/NNP TRAINAIR/NNP PLUS/NNP membership/NN ./.
116,116,The/DT Academy/NNP said/VBD its/PRP$ participation/NN in/IN the/DT programme/NN had/VBD also/RB contributed/VBN to/TO the/DT development/NN of/IN specialised/JJ professional/JJ expertise/NN ./.
117,117,"In/IN 2025/CD ,/, a/DT SLAAA/NNP officer/NN was/VBD appointed/VBN as/IN an/DT ICAO/NNP Instructional/NNP Systems/NNP Design/NNP Validator/NNP ./."
118,118,"The/DT Associate/NNP (/( Silver/NNP )/) membership/NN status/NN is/VBZ determined/VBN through/IN ICAO/NNP 's/POS performance/NN measurement/NN system/NN ,/, which/WDT assesses/VBZ participating/VBG training/VBG organisations/NNS against/IN established/VBN criteria/NNS ./."
119,119,"Set/NNP against/IN the/DT lakeside/JJ setting/NN of/IN 8/CD Degrees/NNS ,/, The/DT Nordic/NNP Table/NNP will/MD be/VB available/JJ from/IN 7:00/CD p.m./NN to/TO 10:30/CD p.m./NN ,/, priced/VBN at/IN Rs.8,500/NNP nett/FW per/IN person/NN ./."
120,120,"The/DT celebrations/NNS begin/VBP on/IN October/NNP 4/CD ,/, as/IN The/DT Lounge/NNP marks/NNS Swedish/NNP Cinnamon/NNP Bun/NNP Day/NNP with/IN a/DT special/JJ Cinnamon/NNP Bun/NNP High/NNP Tea/NNP Buffet/NNP ./."
121,121,"The/DT Swedish/JJ culinary/JJ journey/NN continues/VBZ on/IN October/NNP 16/CD and/CC 17/CD ,/, with/IN The/DT Nordic/NNP Table/NNP ,/, a/DT special/JJ Swedish/JJ buffet/NN at/IN 8/CD Degrees/NNS ./."
122,122,Chef/NNP Carola/NNP returns/VBZ to/TO Colombo/VB to/TO share/NN a/DT taste/NN of/IN Sweden/NNP through/IN the/DT much-loved/JJ tradition/NN of/IN Swedish/JJ cinnamon/NN buns/NNS and/CC a/DT specially/RB curated/VBN Nordic/NNP dining/VBG experience/NN ./.
123,123,"For/IN reservations/NNS and/CC enquiries/NNS ,/, please/VB contact/JJ Cinnamon/NNP Lakeside/NNP Colombo/NNP ./."
124,124,"During/IN these/DT hours/NNS ,/, other/JJ vehicles/NNS will/MD not/RB be/VB permitted/VBN to/TO use/VB or/CC park/VB in/IN the/DT designated/JJ lanes/NNS ./."
125,125,The/DT latest/JJS edition/NN of/IN the/DT platform/NN was/VBD held/VBN in/IN Kandy/NNP ./.
126,126,"Advocata/NNP Institute/NNP CEO/NNP Dhananath/NNP Fernando/NNP delivered/VBD the/DT keynote/NN address/NN ,/, sharing/VBG perspectives/NNS on/IN economic/JJ trends/NNS ,/, market/NN dynamics/NNS and/CC the/DT evolving/NN business/NN landscape/NN ./."
127,127,"The/DT session/NN was/VBD followed/VBN by/IN a/DT panel/NN discussion/NN featuring/VBG Moore/NNP Consulting/NNP Managing/NNP Director/NNP and/CC CA/NNP Sri/NNP Lanka/NNP President/NNP Tishan/NNP Subasinghe/NNP ,/, Fernando/NNP and/CC NTB/NNP Senior/NNP Executive/NNP Vice/NNP President/NNP Commercial/NNP Banking/NNP Arosha/NNP Liyanaarachchi/NNP ./."
128,128,He/PRP added/VBD that/IN the/DT lanes/NNS could/MD be/VB used/VBN by/IN Metro/NNP buses/NNS as/RB well/RB as/IN other/JJ passenger/NN transport/NN buses/NNS ./.
129,129,GS1/NNP Sunrise/NNP 2027/CD is/VBZ a/DT global/JJ industry/NN initiative/NN aiming/VBG to/TO transition/VB retail/JJ checkout/NN systems/NNS to/TO read/VB 2D/CD barcodes/NNS such/JJ as/IN QR/NNP codes/NNS and/CC Data/NNP Matrix/NNP codes/NNS alongside/VBP traditional/JJ 1D/CD UPC/NNP stripes/NNS by/IN end-2027/NN ./.
130,130,"Addressing/VBG the/DT AGM/NNP ,/, GS1/NNP Lanka/NNP President/NNP Revan/NNP Fernando/NNP noted/VBD that/IN GS1/NNP has/VBZ been/VBN giving/VBG Sri/NNP Lankan/NNP products/NNS a/DT globally/RB recognised/VBN identity/NN for/IN more/JJR than/IN 30/CD years/NNS ./."
131,131,"Under/IN its/PRP$ Sunrise/NNP 2027/CD initiative/NN ,/, GS1/NNP Lanka/NNP is/VBZ working/VBG with/IN the/DT retail/JJ and/CC healthcare/JJ sectors/NNS to/TO prepare/VB the/DT businesses/NNS for/IN the/DT transition/NN to/TO 2D/CD barcodes/NNS ./."
132,132,"Unlike/IN a/DT conventional/JJ barcode/NN used/VBN at/IN checkout/NN ,/, a/DT GS1/NNP QR/NNP code/NN can/MD also/RB connect/VB consumers/NNS to/TO a/DT wider/NN range/NN of/IN product/NN information/NN and/CC support/NN traceability/NN and/CC product/NN verification/NN through/IN the/DT GS1/NNP standards/NNS ./."
133,133,Blink/NNP International/NNP has/VBZ acquired/VBN Wristlab/NNP as/IN part/NN of/IN a/DT long-term/JJ strategy/NN to/TO elevate/VB the/DT watch/NN retail/JJ experience/NN in/IN Sri/NNP Lanka/NNP ./.
134,134,"Founded/VBN in/IN 2019/CD under/IN Orbit/NNP Worldwide/NNP (/( Pvt/NNP ./. )/) Ltd/NNP ,/, Wristlab/NNP was/VBD created/VBN to/TO fill/VB the/DT market/NN vacuum/NN for/IN a/DT one-stop/JJ retail/JJ experience/NN ./."
135,135,"Blink/NNP founded/VBD in/IN 2014/CD under/IN Avarna/NNP Ventures/NNP operates/VBZ an/DT extensive/JJ distribution/NN network/NN spanning/VBG over/IN 155/CD authorised/JJ doors/NNS across/IN Sri/NNP Lanka/NNP ,/, backed/VBN by/IN robust/JJ after-sales/NNS infrastructure/NN and/CC access/NN to/TO genuine/VB parts/NNS ./."
136,136,"Following/VBG the/DT acquisition/NN ,/, Wristlab/NNP will/MD be/VB developed/VBN as/IN Blink/NNP 's/POS dedicated/VBN consumer-facing/NN retail/JJ platform/NN ,/, with/IN the/DT ambition/NN of/IN evolving/VBG it/PRP into/IN a/DT stronger/JJR and/CC more/RBR comprehensive/JJ multi-brand/NN watch/NN destination/NN in/IN Sri/NNP Lanka/NNP ./."
137,137,The/DT integration/NN delivers/VBZ a/DT convenient/NN and/CC flexible/JJ digital/JJ gifting/NN experience/NN while/IN empowering/VBG the/DT recipients/NNS with/IN the/DT freedom/NN to/TO choose/VB how/WRB and/CC where/WRB they/PRP use/VBP their/PRP$ gift/NN ./.
138,138,"It/PRP entered/VBD into/IN a/DT strategic/JJ partnership/NN with/IN Thyaga/NNP ,/, Sri/NNP Lanka/NNP 's/POS premier/JJR digital/JJ e-gifting/NN voucher/NN platform/NN ,/, to/TO offer/VB digital/JJ gifting/NN services/NNS directly/RB through/IN the/DT LB/NNP CIM/NNP app/NN ./."
139,139,"The/DT partnership/NN was/VBD officially/RB launched/VBN at/IN a/DT signing/NN ceremony/NN held/VBD at/IN LB/NNP Finance/NNP corporate/JJ office/NN ,/, marking/VBG another/DT milestone/NN in/IN LB/NNP CIM/NNP 's/POS journey/NN to/TO evolve/VB beyond/IN traditional/JJ financial/JJ services/NNS into/IN a/DT comprehensive/JJ lifestyle/NN ecosystem/NN ./."
140,140,The/DT digital/JJ gifting/NN feature/NN is/VBZ now/RB live/VBP on/IN the/DT LB/NNP CIM/NNP app/NN ./.
141,141,"The/DT initiative/NN strengthens/VBZ LB/NNP CIM/NNP 's/POS positioning/NN as/IN a/DT next-generation/JJ digital/JJ platform/NN that/WDT integrates/VBZ finance/NN ,/, lifestyle/NN and/CC essential/JJ services/NNS into/IN one/CD seamless/NN experience/NN ./."
142,142,Stable/JJ Outlook/NNP reflects/VBZ resilient/JJ financial/JJ profile/NN and/CC confidence/NN in/IN company/NN 's/POS ability/NN to/TO navigate/VB cost/NN pressures/NNS and/CC competitive/JJ intensity/NN ./.
143,143,The/DT '/'' AA+/NNP (/( lka/NN )/) '/POS rating/NN is/VBZ the/DT second-highest/JJ national/JJ rating/NN on/IN Fitch/NNP 's/POS scale/NN and/CC reflects/VBZ a/DT very/RB strong/JJ capacity/NN to/TO meet/VB financial/JJ commitments/NNS ./.
144,144,It/PRP also/RB reflects/VBZ Fitch/NNP 's/POS expectation/NN that/IN the/DT company/NN will/MD preserve/VB adequate/JJ credit/NN metrics/NNS despite/IN periods/NNS of/IN weaker/JJR earnings/NNS and/CC elevated/VBN investment/NN requirements/NNS ./.
145,145,The/DT Stable/JJ Outlook/NNP reflects/VBZ Fitch/NNP 's/POS expectation/NN that/IN CKH/NNP will/MD maintain/VB its/PRP$ market/NN position/NN amid/IN rising/VBG input/NN costs/NNS and/CC intensifying/VBG competition/NN from/IN imported/VBN tyres/NNS ./.
146,146,"The/DT Sri/NNP Lanka/NNP fund/NN is/VBZ intended/VBN to/TO create/VB a/DT structured/JJ channel/NN for/IN capital/NN into/IN listed/VBN and/CC private/JJ Sri/NNP Lankan/NNP companies/NNS ,/, leveraging/VBG complementary/JJ deal/NN flow/NN ,/, research/NN and/CC investor/NN networks/NNS on/IN both/DT sides/NNS of/IN the/DT Palk/NNP Strait/NNP ./."
147,147,"The/DT Colombo/NNP desk/NN will/MD be/VB hosted/VBN by/IN Ambeon/NNP (/( or/CC an/DT affiliate/NN )/) ,/, with/IN a/DT primary/JJ focus/NN on/IN facilitating/VBG investment/NN into/IN India/NNP and/CC other/JJ agreed/VBD markets/NNS ,/, while/IN also/RB originating/VBG Sri/NNP Lankan/NNP opportunities/NNS ./."
148,148,"The/DT Chennai/NNP desk/NN will/MD be/VB hosted/VBN by/IN Sincere/NNP Syndication/NNP ,/, with/IN Avyukthi/NNP providing/VBG tax/NN ,/, regulatory/JJ ,/, structuring/VBG ,/, diligence/NN and/CC transaction-support/NN capabilities/NNS ./."
149,149,"In/IN parallel/NN ,/, Ambeon/NNP is/VBZ working/VBG with/IN the/DT partners/NNS on/IN the/DT launch/NN of/IN a/DT dedicated/JJ Sri/NNP Lanka/NNP fund/NN focused/VBD on/IN Sri/NNP Lankan/NNP companies/NNS ,/, structured/VBN in/IN partnership/NN with/IN Sincere/NNP Syndication/NNP 's/POS Bharat/NNP Transformation/NNP Fund/NNP ./."
150,150,Indian/JJ capital/NN is/VBZ increasingly/RB looking/VBG beyond/IN domestic/JJ borders/NNS for/IN growth/NN opportunities/NNS ./.
