gold_tag,predicted_tag,count
NNP,NN,266
JJ,NN,80
NNS,NN,75
VBG,NN,31
VB,NN,24
CD,NN,21
VBN,VBD,18
VBN,NN,18
VBD,VBN,13
VBZ,NN,10
NN,VB,9
VBP,VB,8
RB,IN,7
(,NN,7
),NN,7
NNS,VBZ,6
VB,VBP,6
RB,NN,6
RBR,JJR,5
NN,VBG,5
IN,WDT,5
JJ,NNP,5
RB,JJ,4
VBD,NN,4
JJ,VBN,3
JJ,RB,3
IN,RB,3
VBZ,NNS,3
NNP,NNPS,2
JJ,VBG,2
JJS,NN,2
IN,RP,2
NN,VBP,2
NN,JJ,2
VBP,NN,2
VBD,JJ,1
NNP,JJ,1
JJ,VBP,1
NNS,NNPS,1
RB,VBZ,1
JJR,RBR,1
VBP,VBD,1
RBS,JJS,1
IN,NN,1
WDT,IN,1
NN,NNS,1
NN,NNP,1
JJR,NN,1
IN,VB,1
NN,DT,1
UH,RB,1
VB,VBD,1
RP,RB,1
DT,NNP,1
FW,NN,1
VB,JJ,1
JJR,JJ,1
'',POS,1
POS,'',1
