sentence_id,word_index,word,auto_tag,manual_tag,agree
1,1,The,DT,DT,
1,2,Canada,NNP,NNP,
1,3,Border,NN,NNP,CHECK
1,4,Services,NNPS,NNP,CHECK
1,5,Agency,NNP,NNP,
1,6,has,VBZ,VBZ,
1,7,seized,VBD,VBN,CHECK
1,8,suitcases,NN,NNS,CHECK
1,9,packed,JJ,VBD,CHECK
1,10,with,IN,IN,
1,11,illicit,NN,JJ,CHECK
1,12,substances,NN,NNS,CHECK
1,13,bound,NN,NN,
1,14,for,IN,IN,
1,15,Sri,NN,NNP,CHECK
1,16,Lanka,NN,NNP,CHECK
1,17,at,IN,IN,
1,18,Toronto,NNP,NNP,
1,19,Pearson,NN,NNP,CHECK
1,20,International,NNP,NNP,
1,21,Airport,NN,NNP,CHECK
1,22,earlier,JJR,RBR,CHECK
1,23,this,DT,DT,
1,24,month,NN,NN,
1,25,.,.,.,
2,1,In,IN,IN,
2,2,a,DT,DT,
2,3,statement,NN,NN,
2,4,to,TO,TO,
2,5,CTV,NN,NNP,CHECK
2,6,News,NNP,NNP,
2,7,",",",",",",
2,8,a,DT,DT,
2,9,CBSA,NN,NNP,CHECK
2,10,spokesperson,NN,NN,
2,11,said,VBD,VBD,
2,12,the,DT,DT,
2,13,seizure,NN,NN,
2,14,took,VBD,VBD,
2,15,place,NN,NN,
2,16,Sept,NN,NNP,CHECK
2,17,.,.,.,
3,1,Border,NN,NN,
3,2,officials,NNS,NNS,
3,3,seized,VBD,VBD,
3,4,a,DT,DT,
3,5,total,NN,NN,
3,6,of,IN,IN,
3,7,44,CD,CD,
3,8,kilograms,NN,NNS,CHECK
3,9,of,IN,IN,
3,10,hashish,NN,NN,
3,11,and,CC,CC,
3,12,13,CD,CD,
3,13,kilograms,NN,NNS,CHECK
3,14,of,IN,IN,
3,15,cocaine,NN,NN,
3,16,.,.,.,
4,1,One,CD,CD,
4,2,person,NN,NN,
4,3,was,VBD,VBD,
4,4,arrested,VBN,VBN,
4,5,and,CC,CC,
4,6,remanded,NN,VBN,CHECK
4,7,to,TO,TO,
4,8,the,DT,DT,
4,9,Royal,NNP,NNP,
4,10,Canadian,JJ,NNP,CHECK
4,11,Mounted,NN,NNP,CHECK
4,12,Police,NN,NNP,CHECK
4,13,.,.,.,
5,1,No,DT,DT,
5,2,details,NNS,NNS,
5,3,about,IN,IN,
5,4,charges,NNS,NNS,
5,5,or,CC,CC,
5,6,the,DT,DT,
5,7,suspect,VBP,JJ,CHECK
5,8,were,VBD,VBD,
5,9,immediately,RB,RB,
5,10,available,JJ,JJ,
5,11,.,.,.,
6,1,CBSA,NN,NNP,CHECK
6,2,officers,NNS,NNS,
6,3,use,VBP,VBP,
6,4,a,DT,DT,
6,5,risk,NN,NN,
6,6,management,NN,NN,
6,7,approach,NN,NN,
6,8,",",",",",",
6,9,intelligence,NN,NN,
6,10,information,NN,NN,
6,11,",",",",",",
6,12,detection,NN,NN,
6,13,tools,NNS,NNS,
6,14,and,CC,CC,
6,15,look,VB,NN,CHECK
6,16,for,IN,IN,
6,17,indicators,NNS,NNS,
6,18,of,IN,IN,
6,19,deception,NN,NN,
6,20,to,TO,TO,
6,21,determine,VB,VB,
6,22,if,IN,IN,
6,23,a,DT,DT,
6,24,more,RBR,RBR,
6,25,in-depth,NN,JJ,CHECK
6,26,examination,NN,NN,
6,27,is,VBZ,VBZ,
6,28,required,VBN,VBN,
6,29,",",",",",",
7,1,The,DT,DT,
7,2,government,NN,NN,
7,3,has,VBZ,VBZ,
7,4,dismissed,VBN,VBN,
7,5,reports,NNS,NNS,
7,6,alleging,VBG,VBG,
7,7,that,IN,IN,
7,8,it,PRP,PRP,
7,9,is,VBZ,VBZ,
7,10,taking,VBG,VBG,
7,11,steps,NNS,NNS,
7,12,to,TO,TO,
7,13,curtail,VB,VB,
7,14,rooftop,NN,VB,CHECK
7,15,solar,NN,JJ,CHECK
7,16,power,NN,NN,
7,17,while,IN,IN,
7,18,promoting,VBG,VBG,
7,19,other,JJ,JJ,
7,20,energy,NN,NN,
7,21,sources,NNS,NNS,
7,22,.,.,.,
8,1,Energy,NNP,NNP,
8,2,Minister,NNP,NNP,
8,3,Anura,NN,NNP,CHECK
8,4,Karunathilake,NN,NNP,CHECK
8,5,",",",",",",
8,6,speaking,VBG,NN,CHECK
8,7,at,IN,IN,
8,8,a,DT,DT,
8,9,news,NN,NN,
8,10,briefing,NN,NN,
8,11,today,NN,NN,
8,12,",",",",",",
8,13,said,VBD,VBD,
8,14,the,DT,DT,
8,15,allegations,NNS,NNS,
8,16,were,VBD,VBD,
8,17,baseless,NN,JJ,CHECK
8,18,and,CC,CC,
8,19,pointed,VBD,VBD,
8,20,to,TO,TO,
8,21,the,DT,DT,
8,22,government,NN,NN,
8,23,'s,POS,POS,
8,24,efforts,NNS,NNS,
8,25,to,TO,TO,
8,26,expand,VB,VB,
8,27,solar,NN,JJ,CHECK
8,28,power,NN,NN,
8,29,generation,NN,NN,
8,30,across,IN,IN,
8,31,the,DT,DT,
8,32,country,NN,NN,
8,33,.,.,.,
9,1,According,VBG,VBG,
9,2,to,TO,TO,
9,3,the,DT,DT,
9,4,Minister,NNP,NNP,
9,5,",",",",",",
9,6,the,DT,DT,
9,7,government,NN,NN,
9,8,has,VBZ,VBZ,
9,9,facilitated,NN,VBN,CHECK
9,10,the,DT,DT,
9,11,addition,NN,NN,
9,12,of,IN,IN,
9,13,"1,513",NN,CD,CHECK
9,14,MW,NN,NNP,CHECK
9,15,of,IN,IN,
9,16,rooftop,NN,NN,
9,17,and,CC,CC,
9,18,ground-mounted,NN,JJ,CHECK
9,19,solar,NN,JJ,CHECK
9,20,capacity,NN,NN,
9,21,to,TO,TO,
9,22,the,DT,DT,
9,23,national,JJ,JJ,
9,24,grid,NN,NN,
9,25,over,IN,IN,
9,26,the,DT,DT,
9,27,past,JJ,JJ,
9,28,two,CD,CD,
9,29,years,NNS,NNS,
9,30,.,.,.,
10,1,He,PRP,PRP,
10,2,said,VBD,VBD,
10,3,rooftop,NN,JJ,CHECK
10,4,solar,NN,NN,
10,5,accounted,VBN,VBD,CHECK
10,6,for,IN,IN,
10,7,"1,141.1",NN,CD,CHECK
10,8,MW,NN,NNP,CHECK
10,9,of,IN,IN,
10,10,the,DT,DT,
10,11,capacity,NN,NN,
10,12,added,VBD,VBD,
10,13,to,TO,TO,
10,14,the,DT,DT,
10,15,grid,NN,NN,
10,16,during,IN,IN,
10,17,2025,NN,CD,CHECK
10,18,and,CC,CC,
10,19,2026,NN,CD,CHECK
10,20,",",",",",",
10,21,while,IN,IN,
10,22,a,DT,DT,
10,23,further,JJ,JJ,
10,24,534,CD,CD,
10,25,MW,NN,NNP,CHECK
10,26,came,VBD,VBD,
10,27,from,IN,IN,
10,28,ground-mounted,NN,JJ,CHECK
10,29,solar,NN,JJ,CHECK
10,30,projects,NNS,NNS,
10,31,.,.,.,
11,1,The,DT,DT,
11,2,government,NN,NN,
11,3,plans,VBZ,NNS,CHECK
11,4,to,TO,TO,
11,5,increase,VB,VB,
11,6,solar,NN,JJ,CHECK
11,7,power,NN,NN,
11,8,capacity,NN,NN,
11,9,connected,VBN,VBN,
11,10,to,TO,TO,
11,11,the,DT,DT,
11,12,national,JJ,JJ,
11,13,grid,NN,NN,
11,14,by,IN,IN,
11,15,a,DT,DT,
11,16,further,JJ,JJ,
11,17,"4,585.7",NN,CD,CHECK
11,18,MW,NN,NNP,CHECK
11,19,by,IN,IN,
11,20,2029,CD,CD,
11,21,",",",",",",
11,22,the,DT,DT,
11,23,Minister,NNP,NNP,
11,24,said,VBD,VBD,
11,25,.,.,.,
12,1,He,PRP,PRP,
12,2,said,VBD,VBD,
12,3,encouraging,VBG,JJ,CHECK
12,4,commuters,NN,NNS,CHECK
12,5,to,TO,TO,
12,6,use,VB,VB,
12,7,public,JJ,JJ,
12,8,transport,NN,NN,
12,9,could,MD,MD,
12,10,reduce,VB,VB,
12,11,the,DT,DT,
12,12,number,NN,NN,
12,13,of,IN,IN,
12,14,vehicles,NNS,NNS,
12,15,entering,VBG,VBG,
12,16,Colombo,NN,NNP,CHECK
12,17,and,CC,CC,
12,18,help,VB,VB,
12,19,ease,VB,NN,CHECK
12,20,traffic,NN,NN,
12,21,congestion,NN,NN,
12,22,.,.,.,
13,1,There,EX,EX,
13,2,is,VBZ,VBZ,
13,3,an,DT,DT,
13,4,idea,NN,NN,
13,5,in,IN,IN,
13,6,crisis,NN,NN,
13,7,communications,NNS,NNS,
13,8,that,WDT,IN,CHECK
13,9,saying,VBG,VBG,
13,10,nothing,NN,NN,
13,11,is,VBZ,VBZ,
13,12,the,DT,DT,
13,13,safest,NN,JJS,CHECK
13,14,option,NN,NN,
13,15,.,.,.,
14,1,But,CC,CC,
14,2,silence,NN,NN,
14,3,can,MD,MD,
14,4,create,VB,VB,
14,5,space,NN,NN,
14,6,for,IN,IN,
14,7,others,NNS,NNS,
14,8,to,TO,TO,
14,9,tell,VBP,VB,CHECK
14,10,the,DT,DT,
14,11,story,NN,NN,
14,12,",",",",",",
14,13,and,CC,CC,
14,14,you,PRP,PRP,
14,15,must,MD,MD,
14,16,decide,VB,VB,
14,17,whether,IN,IN,
14,18,you,PRP,PRP,
14,19,can,MD,MD,
14,20,live,VB,VB,
14,21,with,IN,IN,
14,22,their,PRP$,PRP$,
14,23,version,NN,NN,
14,24,.,.,.,
15,1,The,DT,DT,
15,2,Palace,NN,NNP,CHECK
15,3,chose,VBD,VBD,
15,4,to,TO,TO,
15,5,answer,VB,VB,
15,6,",",",",",",
15,7,breaking,VBG,VBG,
15,8,with,IN,IN,
15,9,its,PRP$,PRP$,
15,10,usual,JJ,JJ,
15,11,reluctance,NN,NN,
15,12,to,TO,TO,
15,13,comment,VB,VB,
15,14,on,IN,IN,
15,15,books,NNS,NNS,
15,16,and,CC,CC,
15,17,ensuring,NN,VBG,CHECK
15,18,that,WDT,IN,CHECK
15,19,its,PRP$,PRP$,
15,20,response,NN,NN,
15,21,became,VBD,VBD,
15,22,a,DT,DT,
15,23,story,NN,NN,
15,24,in,IN,IN,
15,25,its,PRP$,PRP$,
15,26,own,JJ,JJ,
15,27,right,NN,NN,
15,28,.,.,.,
16,1,Communications,NNPS,NNS,CHECK
16,2,is,VBZ,VBZ,
16,3,not,RB,RB,
16,4,always,RB,RB,
16,5,about,IN,IN,
16,6,making,VBG,VBG,
16,7,a,DT,DT,
16,8,story,NN,NN,
16,9,disappear,VB,NN,CHECK
16,10,.,.,.,
17,1,Spencer,NN,NN,
17,2,can,MD,MD,
17,3,give,VB,VB,
17,4,interviews,NN,NNS,CHECK
17,5,",",",",",",
17,6,defend,NN,VB,CHECK
17,7,his,PRP$,PRP$,
17,8,recollection,NN,NN,
17,9,and,CC,CC,
17,10,keep,VB,VB,
17,11,discussing,VBG,VBG,
17,12,the,DT,DT,
17,13,book,NN,NN,
17,14,.,.,.,
18,1,In,IN,IN,
18,2,family,NN,NN,
18,3,businesses,NNS,NNS,
18,4,",",",",",",
18,5,ownership,NN,NN,
18,6,and,CC,CC,
18,7,personal,JJ,JJ,
18,8,relationships,NN,NNS,CHECK
18,9,are,VBP,VBP,
18,10,often,RB,RB,
18,11,intertwined,NN,VBN,CHECK
18,12,.,.,.,
19,1,An,DT,DT,
19,2,argument,NN,NN,
19,3,between,IN,IN,
19,4,relatives,NN,NNS,CHECK
19,5,becomes,VBZ,RB,CHECK
19,6,something,NN,NN,
19,7,strangers,NN,NNS,CHECK
19,8,can,MD,MD,
19,9,watch,NN,VB,CHECK
19,10,and,CC,CC,
19,11,take,VB,VB,
19,12,sides,NNS,NNS,
19,13,on,IN,IN,
19,14,.,.,.,
20,1,The,DT,DT,
20,2,King,NN,NNP,CHECK
20,3,",",",",",",
20,4,as,IN,IN,
20,5,head,NN,NN,
20,6,of,IN,IN,
20,7,state,NN,NN,
20,8,",",",",",",
20,9,can,MD,MD,
20,10,not,RB,RB,
20,11,sensibly,NN,RB,CHECK
20,12,engage,VBP,VB,CHECK
20,13,in,IN,IN,
20,14,a,DT,DT,
20,15,running,VBG,JJ,CHECK
20,16,public,NN,JJ,CHECK
20,17,argument,NN,NN,
20,18,with,IN,IN,
20,19,his,PRP$,PRP$,
20,20,former,JJ,JJ,
20,21,brother-in-law,NN,NN,
20,22,.,.,.,
21,1,Continued,VBN,JJ,CHECK
21,2,attention,NN,NN,
21,3,may,MD,MD,
21,4,help,VB,VB,
21,5,Spencer,NN,NNP,CHECK
21,6,sell,VBP,VB,CHECK
21,7,a,DT,DT,
21,8,new,JJ,JJ,
21,9,book,NN,NN,
21,10,;,:,:,
21,11,for,IN,IN,
21,12,the,DT,DT,
21,13,Palace,NN,NNP,CHECK
21,14,",",",",",",
21,15,there,EX,EX,
21,16,is,VBZ,VBZ,
21,17,far,RB,RB,
21,18,more,RBR,JJR,CHECK
21,19,value,NN,NN,
21,20,in,IN,IN,
21,21,bringing,VBG,VBG,
21,22,the,DT,DT,
21,23,matter,NN,NN,
21,24,to,TO,TO,
21,25,a,DT,DT,
21,26,close,NN,NN,
21,27,.,.,.,
22,1,The,DT,DT,
22,2,difficulty,NN,NN,
22,3,is,VBZ,VBZ,
22,4,that,IN,IN,
22,5,going,VBG,VBG,
22,6,public,NN,JJ,CHECK
22,7,changes,NNS,NNS,
22,8,the,DT,DT,
22,9,dispute,NN,NN,
22,10,itself,PRP,PRP,
22,11,.,.,.,
23,1,Each,DT,DT,
23,2,new,JJ,JJ,
23,3,intervention,NN,NN,
23,4,creates,VBZ,VBZ,
23,5,pressure,NN,NN,
23,6,for,IN,IN,
23,7,an,DT,DT,
23,8,answer,NN,NN,
23,9,",",",",",",
23,10,and,CC,CC,
23,11,before,IN,IN,
23,12,long,RB,JJ,CHECK
23,13,both,DT,DT,
23,14,parties,NNS,NNS,
23,15,can,MD,MD,
23,16,find,VB,VB,
23,17,themselves,PRP,PRP,
23,18,participating,NN,VBG,CHECK
23,19,in,IN,IN,
23,20,a,DT,DT,
23,21,story,NN,NN,
24,1,That,DT,DT,
24,2,is,VBZ,VBZ,
24,3,why,WRB,WRB,
24,4,so,RB,RB,
24,5,much,RB,JJ,CHECK
24,6,work,VB,NN,CHECK
24,7,in,IN,IN,
24,8,these,DT,DT,
24,9,situations,NNS,NNS,
24,10,happens,VBZ,VBZ,
24,11,away,RB,RB,
24,12,from,IN,IN,
24,13,public,JJ,JJ,
24,14,view,NN,NN,
24,15,.,.,.,
25,1,Ed,NNP,NNP,
25,2,Sheeran,NN,NNP,CHECK
25,3,has,VBZ,VBZ,
25,4,faced,VBN,VBN,
25,5,a,DT,DT,
25,6,different,JJ,JJ,
25,7,problem,NN,NN,
25,8,on,IN,IN,
25,9,his,PRP$,PRP$,
25,10,North,NNP,JJ,CHECK
25,11,American,NNP,JJ,CHECK
25,12,tour,NN,NN,
25,13,.,.,.,
26,1,Other,JJ,JJ,
26,2,support,NN,NN,
26,3,acts,VBZ,NNS,CHECK
26,4,subsequently,NN,RB,CHECK
26,5,withdrew,VBD,VBP,CHECK
26,6,in,IN,IN,
26,7,protest,NN,NN,
26,8,.,.,.,
27,1,Sheeran,NN,NNP,CHECK
27,2,initially,RB,RB,
27,3,issued,VBD,VBD,
27,4,a,DT,DT,
27,5,statement,NN,NN,
27,6,setting,VBG,VBG,
27,7,out,RP,RP,
27,8,his,PRP$,PRP$,
27,9,account,NN,NN,
27,10,.,.,.,
28,1,Objections,NN,NNS,CHECK
28,2,followed,VBD,VBD,
28,3,from,IN,IN,
28,4,some,DT,DT,
28,5,of,IN,IN,
28,6,the,DT,DT,
28,7,venues,NN,NNS,CHECK
28,8,scheduled,VBN,VBN,
28,9,to,TO,TO,
28,10,host,NN,VB,CHECK
28,11,later,JJ,RB,CHECK
28,12,dates,NN,NNS,CHECK
28,13,",",",",",",
28,14,and,CC,CC,
28,15,Sheeran,NN,NNP,CHECK
28,16,said,VBD,VBD,
28,17,he,PRP,PRP,
28,18,tried,VBD,VBD,
28,19,to,TO,TO,
28,20,broker,NN,VB,CHECK
28,21,a,DT,DT,
28,22,solution,NN,NN,
28,23,before,IN,IN,
28,24,the,DT,DT,
28,25,promoter,NN,NN,
28,26,ultimately,RB,RB,
28,27,removed,VBN,VBD,CHECK
28,28,Macklemore,NN,NNP,CHECK
28,29,from,IN,IN,
28,30,the,DT,DT,
28,31,remaining,VBG,VBG,
28,32,shows,VBZ,NNS,CHECK
28,33,.,.,.,
29,1,Preparation,NN,NN,
29,2,is,VBZ,VBZ,
29,3,necessary,JJ,JJ,
29,4,",",",",",",
29,5,particularly,RB,RB,
29,6,on,IN,IN,
29,7,an,DT,DT,
29,8,issue,NN,NN,
29,9,this,DT,DT,
29,10,sensitive,JJ,JJ,
29,11,",",",",",",
29,12,but,CC,CC,
29,13,if,IN,IN,
29,14,it,PRP,PRP,
29,15,looks,VBZ,VBZ,
29,16,overly,NN,RB,CHECK
29,17,rehearsed,NN,VBN,CHECK
29,18,it,PRP,PRP,
29,19,can,MD,MD,
29,20,create,VB,VB,
29,21,distance,NN,NN,
29,22,at,IN,IN,
29,23,the,DT,DT,
29,24,moment,NN,NN,
29,25,you,PRP,PRP,
29,26,most,JJS,RBS,CHECK
29,27,need,VBP,VBP,
29,28,people,NNS,NNS,
29,29,to,TO,TO,
29,30,hear,VB,VB,
29,31,you,PRP,PRP,
29,32,as,IN,IN,
29,33,a,DT,DT,
29,34,person,NN,NN,
29,35,.,.,.,
30,1,You,PRP,PRP,
30,2,can,MD,MD,
30,3,not,RB,RB,
30,4,write,VB,VB,
30,5,your,PRP$,PRP$,
30,6,way,NN,NN,
30,7,out,IN,IN,
30,8,of,IN,IN,
30,9,every,DT,DT,
30,10,crisis,NN,NN,
30,11,in,IN,IN,
30,12,one,CD,CD,
30,13,afternoon,NN,NN,
30,14,.,.,.,
31,1,Advisers,NN,NNS,CHECK
31,2,do,VB,VBP,CHECK
31,3,not,RB,RB,
31,4,need,VBP,VB,CHECK
31,5,to,TO,TO,
31,6,become,VB,VB,
31,7,foreign,JJ,JJ,
31,8,policy,NN,NN,
31,9,experts,NNS,NNS,
31,10,",",",",",",
31,11,but,CC,CC,
31,12,they,PRP,PRP,
31,13,do,VBP,VBP,
31,14,need,VBP,VB,CHECK
31,15,enough,RB,RB,
31,16,understanding,NN,JJ,CHECK
31,17,to,TO,TO,
31,18,recognise,NN,VB,CHECK
31,19,when,WRB,WRB,
31,20,an,DT,DT,
31,21,apparently,RB,RB,
31,22,straightforward,NN,JJ,CHECK
31,23,commercial,NN,JJ,CHECK
31,24,decision,NN,NN,
31,25,sits,NN,NNS,CHECK
31,26,inside,NN,IN,CHECK
31,27,a,DT,DT,
31,28,much,RB,JJ,CHECK
31,29,larger,JJR,JJR,
31,30,political,JJ,JJ,
31,31,and,CC,CC,
31,32,cultural,NN,JJ,CHECK
31,33,argument,NN,NN,
31,34,.,.,.,
32,1,Events,NN,NNS,CHECK
32,2,are,VBP,VBP,
32,3,still,RB,RB,
32,4,moving,VBG,VBG,
32,5,",",",",",",
32,6,other,JJ,JJ,
32,7,people,NNS,NNS,
32,8,including,VBG,VBG,
32,9,fellow,JJ,JJ,
32,10,music,NN,NN,
32,11,celebrities,NN,NNS,CHECK
32,12,are,VBP,VBP,
32,13,still,RB,RB,
32,14,speaking,VBG,VBG,
32,15,and,CC,CC,
32,16,something,NN,NN,
32,17,said,VBD,VBD,
32,18,today,NN,NN,
32,19,may,MD,MD,
32,20,need,VBP,VB,CHECK
32,21,to,TO,TO,
32,22,survive,VB,VB,
32,23,developments,NNS,NNS,
32,24,you,PRP,PRP,
32,25,can,MD,MD,
32,26,not,RB,RB,
32,27,predict,VB,VB,
32,28,tomorrow,NN,NN,
32,29,.,.,.,
33,1,Iranian,NN,JJ,CHECK
33,2,Foreign,NNP,NNP,
33,3,Minister,NNP,NNP,
33,4,Abbas,NN,NNP,CHECK
33,5,Araghchi,NN,NNP,CHECK
33,6,says,VBZ,VBZ,
33,7,his,PRP$,PRP$,
33,8,country,NN,NN,
33,9,has,VBZ,VBZ,
33,10,proposed,VBN,VBN,
33,11,a,DT,DT,
33,12,deal,NN,NN,
33,13,to,TO,TO,
33,14,the,DT,DT,
33,15,US,NNP,NNP,
33,16,that,IN,WDT,CHECK
33,17,would,MD,MD,
33,18,see,VB,VB,
33,19,the,DT,DT,
33,20,Strait,NNP,NNP,
33,21,of,IN,IN,
33,22,Hormuz,NN,NNP,CHECK
33,23,reopened,VBD,VBD,
33,24,within,IN,IN,
33,25,a,DT,DT,
33,26,week,NN,NN,
33,27,.,.,.,
34,1,The,DT,DT,
34,2,US,NNP,NNP,
34,3,and,CC,CC,
34,4,Israel,NNP,NNP,
34,5,launched,VBD,VBD,
34,6,air,NN,NN,
34,7,strikes,NN,NNS,CHECK
34,8,on,IN,IN,
34,9,Iran,NN,NNP,CHECK
34,10,on,IN,IN,
34,11,28,CD,CD,
34,12,February,NNP,NNP,
34,13,.,.,.,
35,1,Iran,NN,NNP,CHECK
35,2,responded,VBD,VBD,
35,3,by,IN,IN,
35,4,attacking,VBG,VBG,
35,5,Israel,NNP,NNP,
35,6,and,CC,CC,
35,7,US,NNP,NNP,
35,8,bases,NNS,NNS,
35,9,in,IN,IN,
35,10,the,DT,DT,
35,11,Gulf,NNP,NNP,
35,12,and,CC,CC,
35,13,Arab,NN,NNP,CHECK
35,14,Gulf,NNP,NNP,
35,15,allies,NNS,NNS,
35,16,of,IN,IN,
35,17,the,DT,DT,
35,18,US,NNP,NNP,
35,19,-,:,:,
35,20,as,IN,RB,CHECK
35,21,well,RB,RB,
35,22,as,IN,IN,
35,23,blocking,NN,VBG,CHECK
35,24,the,DT,DT,
35,25,Strait,NNP,NNP,
35,26,of,IN,IN,
35,27,Hormuz,NN,NNP,CHECK
35,28,.,.,.,
36,1,Some,DT,DT,
36,2,20,CD,CD,
36,3,%,NN,NN,
36,4,of,IN,IN,
36,5,the,DT,DT,
36,6,world,NN,NN,
36,7,'s,POS,POS,
36,8,oil,NN,NN,
36,9,and,CC,CC,
36,10,liquefied,NN,VBD,CHECK
36,11,natural,JJ,JJ,
36,12,gas,NN,NN,
36,13,used,VBN,VBN,
36,14,to,TO,TO,
36,15,pass,VB,VB,
36,16,through,RP,IN,CHECK
36,17,the,DT,DT,
36,18,strait,NN,NN,
36,19,before,IN,IN,
36,20,the,DT,DT,
36,21,war,NN,NN,
36,22,and,CC,CC,
36,23,its,PRP$,PRP$,
36,24,closure,NN,NN,
36,25,has,VBZ,VBZ,
36,26,caused,VBN,VBN,
36,27,wild,JJ,JJ,
36,28,fluctuations,NNS,NNS,
36,29,of,IN,IN,
36,30,energy,NN,NN,
36,31,prices,NNS,NNS,
36,32,.,.,.,
37,1,It,PRP,PRP,
37,2,has,VBZ,VBZ,
37,3,also,RB,RB,
37,4,increased,VBN,VBN,
37,5,pressure,NN,NN,
37,6,on,IN,IN,
37,7,Trump,NNP,NNP,
37,8,to,TO,TO,
37,9,find,VB,VB,
37,10,a,DT,DT,
37,11,way,NN,NN,
37,12,of,IN,IN,
37,13,ending,VBG,VBG,
37,14,the,DT,DT,
37,15,conflict,VBP,NN,CHECK
37,16,-,:,:,
37,17,particularly,RB,RB,
37,18,as,RB,IN,CHECK
37,19,the,DT,DT,
37,20,US,NNP,NNP,
37,21,heads,VBZ,NNS,CHECK
37,22,to,TO,TO,
37,23,Congressional,NN,JJ,CHECK
37,24,elections,NNS,NNS,
37,25,in,IN,IN,
37,26,November,NNP,NNP,
37,27,.,.,.,
38,1,Araghchi,NN,NNP,CHECK
38,2,told,VBD,VBD,
38,3,reporters,NNS,NNS,
38,4,at,IN,IN,
38,5,the,DT,DT,
38,6,UN,NN,NNP,CHECK
38,7,in,IN,IN,
38,8,New,NNP,NNP,
38,9,York,NNP,NNP,
38,10,that,WDT,IN,CHECK
38,11,this,DT,DT,
38,12,could,MD,MD,
38,13,be,VB,VB,
38,14,done,VBN,VBN,
38,15,``,``,``,
38,16,if,IN,IN,
38,17,the,DT,DT,
38,18,necessary,JJ,JJ,
38,19,conditions,NNS,NNS,
38,20,are,VBP,VBP,
38,21,met,VBN,VBN,
38,22,'','','',
38,23,and,CC,CC,
38,24,said,VBD,VBD,
38,25,these,DT,DT,
38,26,were,VBD,VBD,
38,27,contained,VBD,VBN,CHECK
38,28,within,IN,IN,
38,29,the,DT,DT,
38,30,memorandum,NN,NN,
38,31,of,IN,IN,
38,32,understanding,NN,NN,
38,33,(,NN,(,CHECK
38,34,MOU,NN,NNP,CHECK
38,35,),NN,),CHECK
38,36,signed,VBD,VBN,CHECK
38,37,in,IN,IN,
38,38,June,NNP,NNP,
38,39,.,.,.,
39,1,The,DT,DT,
39,2,14-point,NN,JJ,CHECK
39,3,agreement,NN,NN,
39,4,said,VBD,VBD,
39,5,Iran,NN,NNP,CHECK
39,6,would,MD,MD,
39,7,never,RB,RB,
39,8,have,VB,VB,
39,9,a,DT,DT,
39,10,nuclear,JJ,JJ,
39,11,weapon,NN,NN,
39,12,.,.,.,
40,1,Iran,NN,NNP,CHECK
40,2,has,VBZ,VBZ,
40,3,attacked,NN,VBN,CHECK
40,4,vessels,NN,NNS,CHECK
40,5,it,PRP,PRP,
40,6,says,VBZ,VBZ,
40,7,have,VB,VBP,CHECK
40,8,attempted,VBN,VBN,
40,9,to,TO,TO,
40,10,cross,NN,VB,CHECK
40,11,the,DT,DT,
40,12,Strait,NNP,NNP,
40,13,of,IN,IN,
40,14,Hormuz,NN,NNP,CHECK
40,15,without,IN,IN,
40,16,authorisation,NN,NN,
40,17,.,.,.,
41,1,The,DT,DT,
41,2,US,NNP,NNP,
41,3,has,VBZ,VBZ,
41,4,attacked,NN,VBN,CHECK
41,5,Iranian,NN,JJ,CHECK
41,6,sites,NNS,NNS,
41,7,in,IN,IN,
41,8,the,DT,DT,
41,9,strait,NN,NN,
41,10,-,:,:,
41,11,as,IN,RB,CHECK
41,12,well,RB,RB,
41,13,as,IN,IN,
41,14,Iranian,NN,JJ,CHECK
41,15,tankers,NN,NNS,CHECK
41,16,off,RB,IN,CHECK
41,17,the,DT,DT,
41,18,country,NN,NN,
41,19,'s,POS,POS,
41,20,coast,NN,NN,
41,21,.,.,.,
42,1,Pezeshkian,NN,NN,
42,2,also,RB,RB,
42,3,said,VBD,VBD,
42,4,Iran,NN,NNP,CHECK
42,5,would,MD,MD,
42,6,now,RB,RB,
42,7,allow,VB,VB,
42,8,UN,NN,NNP,CHECK
42,9,nuclear,JJ,JJ,
42,10,inspectors,NN,NNS,CHECK
42,11,into,IN,IN,
42,12,the,DT,DT,
42,13,country,NN,NN,
42,14,.,.,.,
43,1,Shipping,NN,VBG,CHECK
43,2,data,NNS,NNS,
43,3,shows,VBZ,VBZ,
43,4,a,DT,DT,
43,5,recent,JJ,JJ,
43,6,10-day,JJ,JJ,
43,7,average,NN,NN,
43,8,of,IN,IN,
43,9,about,IN,IN,
43,10,18,CD,CD,
43,11,transits,NN,NNS,CHECK
43,12,per,IN,IN,
43,13,day,NN,NN,
43,14,",",",",",",
43,15,with,IN,IN,
43,16,daily,JJ,JJ,
43,17,numbers,NNS,NNS,
43,18,dropping,NN,VBG,CHECK
43,19,as,IN,RB,CHECK
43,20,low,JJ,JJ,
43,21,as,IN,IN,
43,22,nine,CD,CD,
43,23,vessels,NN,NNS,CHECK
43,24,on,IN,IN,
43,25,certain,JJ,JJ,
43,26,days,NNS,NNS,
43,27,",",",",",",
43,28,according,VBG,VBG,
43,29,to,TO,TO,
43,30,Kpler,NN,NNP,CHECK
43,31,",",",",",",
43,32,a,DT,DT,
43,33,commodities,NNS,NNS,
43,34,data,NNS,NNS,
43,35,and,CC,CC,
43,36,analytics,NN,NNS,CHECK
43,37,firm,NN,NN,
43,38,cited,VBN,VBN,
43,39,by,IN,IN,
43,40,Reuters,NNP,NNP,
43,41,.,.,.,
44,1,The,DT,DT,
44,2,group,NN,NN,
44,3,seized,VBD,VBD,
44,4,large,JJ,JJ,
44,5,strategically,NN,RB,CHECK
44,6,important,JJ,JJ,
44,7,stretches,NN,NNS,CHECK
44,8,of,IN,IN,
44,9,the,DT,DT,
44,10,Red,NNP,NNP,
44,11,Sea,NNP,NNP,
44,12,coast,NN,NN,
44,13,in,IN,IN,
44,14,a,DT,DT,
44,15,rapid,JJ,JJ,
44,16,offensive,NN,JJ,CHECK
44,17,this,DT,DT,
44,18,month,NN,NN,
44,19,",",",",",",
44,20,including,VBG,VBG,
44,21,the,DT,DT,
44,22,port,NN,NN,
44,23,of,IN,IN,
44,24,Mokha,NN,NNP,CHECK
44,25,",",",",",",
44,26,which,WDT,WDT,
44,27,overlooks,NN,VBZ,CHECK
44,28,the,DT,DT,
44,29,Bab,NN,NNP,CHECK
44,30,al-Mandab,NN,JJ,CHECK
44,31,Strait,NNP,NNP,
44,32,",",",",",",
44,33,another,DT,DT,
44,34,chokepoint,NN,NN,
44,35,for,IN,IN,
44,36,global,JJ,JJ,
44,37,shipping,NN,NN,
44,38,.,.,.,
45,1,On,IN,IN,
45,2,Saturday,NNP,NNP,
45,3,",",",",",",
45,4,the,DT,DT,
45,5,Saudi-led,NN,JJ,CHECK
45,6,coalition,NN,NN,
45,7,in,IN,IN,
45,8,Yemen,NN,NNP,CHECK
45,9,said,VBD,VBD,
45,10,it,PRP,PRP,
45,11,had,VBD,VBD,
45,12,intercepted,NN,VBN,CHECK
45,13,two,CD,CD,
45,14,ballistic,NN,JJ,CHECK
45,15,missiles,NNS,NNS,
45,16,and,CC,CC,
45,17,drones,NN,NNS,CHECK
45,18,launched,VBN,VBN,
45,19,by,IN,IN,
45,20,the,DT,DT,
45,21,Houthis,NN,NNP,CHECK
45,22,towards,NN,NNS,CHECK
45,23,Saudi,NNP,NNP,
45,24,Arabia,NNP,NNP,
45,25,.,.,.,
46,1,Earlier,JJR,RBR,CHECK
46,2,this,DT,DT,
46,3,week,NN,NN,
46,4,",",",",",",
46,5,US,NNP,NNP,
46,6,President,NNP,NNP,
46,7,Donald,NNP,NNP,
46,8,Trump,NNP,NNP,
46,9,threatened,VBN,VBD,CHECK
46,10,to,TO,TO,
46,11,``,``,``,
46,12,annihilate,NN,VB,CHECK
46,13,the,DT,DT,
46,14,Islamic,NNP,NNP,
46,15,Republic,NN,NNP,CHECK
46,16,'','','',
46,17,.,.,.,
47,1,Meanwhile,RB,RB,
47,2,",",",",",",
47,3,police,NNS,NN,CHECK
47,4,will,MD,MD,
47,5,strictly,RB,RB,
47,6,enforce,VB,VB,
47,7,regulations,NNS,NNS,
47,8,governing,NN,VBG,CHECK
47,9,bus,NN,NN,
47,10,priority,NN,NN,
47,11,lanes,NN,NNS,CHECK
47,12,in,IN,IN,
47,13,Colombo,NN,NNP,CHECK
47,14,and,CC,CC,
47,15,surrounding,VBG,VBG,
47,16,areas,NNS,NNS,
47,17,from,IN,IN,
47,18,September,NNP,NNP,
47,19,29,CD,CD,
47,20,.,.,.,
48,1,It,PRP,PRP,
48,2,also,RB,RB,
48,3,said,VBD,VBD,
48,4,Iran,NN,NNP,CHECK
48,5,would,MD,MD,
48,6,``,``,``,
48,7,make,VB,VB,
48,8,arrangements,NNS,NNS,
48,9,using,VBG,VBG,
48,10,its,PRP$,PRP$,
48,11,best,JJS,JJS,
48,12,efforts,NNS,NNS,
48,13,for,IN,IN,
48,14,the,DT,DT,
48,15,safe,JJ,JJ,
48,16,passage,NN,NN,
48,17,of,IN,IN,
48,18,commercial,JJ,JJ,
48,19,vessels,NN,NNS,CHECK
48,20,'','','',
48,21,through,IN,IN,
48,22,the,DT,DT,
48,23,strait,NN,NN,
48,24,and,CC,CC,
48,25,hold,VB,VB,
48,26,talks,NNS,NNS,
48,27,with,IN,IN,
48,28,Oman,NN,NNP,CHECK
48,29,over,IN,IN,
48,30,future,JJ,JJ,
48,31,shipping,NN,VBG,CHECK
48,32,arrangements,NNS,NNS,
48,33,.,.,.,
49,1,But,CC,CC,
49,2,it,PRP,PRP,
49,3,fell,VBD,VBD,
49,4,apart,RB,RB,
49,5,a,DT,DT,
49,6,short,JJ,JJ,
49,7,time,NN,NN,
49,8,later,JJ,RB,CHECK
49,9,when,WRB,WRB,
49,10,both,DT,DT,
49,11,sides,NNS,NNS,
49,12,resumed,NN,VBD,CHECK
49,13,strikes,NN,NNS,CHECK
49,14,.,.,.,
50,1,It,PRP,PRP,
50,2,has,VBZ,VBZ,
50,3,also,RB,RB,
50,4,maintained,VBD,VBN,CHECK
50,5,a,DT,DT,
50,6,blockade,NN,NN,
50,7,of,IN,IN,
50,8,Iranian,NN,JJ,CHECK
50,9,ports,NNS,NNS,
50,10,",",",",",",
50,11,causing,VBG,VBG,
50,12,huge,JJ,JJ,
50,13,disruption,NN,NN,
50,14,to,TO,TO,
50,15,the,DT,DT,
50,16,Iranian,NN,JJ,CHECK
50,17,economy,NN,NN,
50,18,.,.,.,
51,1,Trump,NNP,NN,CHECK
51,2,since,IN,IN,
51,3,has,VBZ,VBZ,
51,4,claimed,VBD,VBN,CHECK
51,5,the,DT,DT,
51,6,US,NNP,NNP,
51,7,has,VBZ,VBZ,
51,8,been,VBN,VBN,
51,9,successful,JJ,JJ,
51,10,in,IN,IN,
51,11,getting,VBG,VBG,
51,12,oil,NN,NN,
51,13,out,IN,IN,
51,14,through,IN,IN,
51,15,the,DT,DT,
51,16,Strait,NNP,NNP,
51,17,of,IN,IN,
51,18,Hormuz,NN,NNP,CHECK
51,19,.,.,.,
52,1,Asked,VBD,VBN,CHECK
52,2,about,IN,IN,
52,3,the,DT,DT,
52,4,Iranian,NN,JJ,CHECK
52,5,offer,NN,NN,
52,6,",",",",",",
52,7,a,DT,DT,
52,8,US,NNP,NNP,
52,9,official,NN,NN,
52,10,told,VBD,VBD,
52,11,the,DT,DT,
52,12,BBC,NN,NNP,CHECK
52,13,positive,JJ,JJ,
52,14,discussions,NNS,NNS,
52,15,were,VBD,VBD,
52,16,taking,VBG,VBG,
52,17,place,NN,NN,
52,18,through,IN,IN,
52,19,mediators,NN,NNS,CHECK
52,20,",",",",",",
52,21,including,VBG,VBG,
52,22,about,IN,IN,
52,23,nuclear,JJ,JJ,
52,24,issues,NNS,NNS,
52,25,.,.,.,
53,1,During,IN,IN,
53,2,his,PRP$,PRP$,
53,3,speech,NN,NN,
53,4,at,IN,IN,
53,5,the,DT,DT,
53,6,UN,NN,NNP,CHECK
53,7,General,NNP,NNP,
53,8,Assembly,NN,NNP,CHECK
53,9,this,DT,DT,
53,10,week,NN,NN,
53,11,",",",",",",
53,12,Trump,NNP,NNP,
53,13,said,VBD,VBD,
53,14,he,PRP,PRP,
53,15,believed,VBD,VBD,
53,16,an,DT,DT,
53,17,Iran,NN,NNP,CHECK
53,18,deal,NN,NN,
53,19,",",",",",",
53,20,which,WDT,WDT,
53,21,has,VBZ,VBZ,
53,22,so,RB,RB,
53,23,far,RB,RB,
53,24,eluded,NN,VBD,CHECK
53,25,him,PRP,PRP,
53,26,",",",",",",
53,27,would,MD,MD,
53,28,come,VB,VB,
53,29,right,NN,RB,CHECK
53,30,after,IN,IN,
53,31,November,NNP,NNP,
53,32,'s,POS,POS,
53,33,elections,NNS,NNS,
53,34,.,.,.,
54,1,This,DT,DT,
54,2,race,NN,NN,
54,3,is,VBZ,VBZ,
54,4,spilling,NN,VBG,CHECK
54,5,into,IN,IN,
54,6,factories,NN,NNS,CHECK
54,7,",",",",",",
54,8,warehouses,NNS,NNS,
54,9,",",",",",",
54,10,ports,NNS,NNS,
54,11,and,CC,CC,
54,12,wider,NN,VB,CHECK
54,13,physical,JJ,JJ,
54,14,infrastructures,NN,NNS,CHECK
54,15,.,.,.,
55,1,This,DT,DT,
55,2,reflects,VBZ,VBZ,
55,3,the,DT,DT,
55,4,strategic,JJ,JJ,
55,5,dilemma,NN,NN,
55,6,:,:,:,
55,7,Washington,NNP,NNP,
55,8,can,MD,MD,
55,9,not,RB,RB,
55,10,win,VB,VB,
55,11,on,IN,IN,
55,12,its,PRP$,PRP$,
55,13,own,JJ,JJ,
55,14,if,IN,IN,
55,15,China,NNP,NNP,
55,16,still,RB,RB,
55,17,controls,NNS,VBZ,CHECK
55,18,the,DT,DT,
55,19,overall,JJ,JJ,
55,20,industrial,JJ,JJ,
55,21,and,CC,CC,
55,22,manufacturing,VBG,VBG,
55,23,ecosystem,NN,NN,
55,24,.,.,.,
56,1,The,DT,DT,
56,2,United,NNP,NNP,
56,3,States,NNPS,NNPS,
56,4,has,VBZ,VBZ,
56,5,learned,VBD,VBN,CHECK
56,6,an,DT,DT,
56,7,uncomfortable,JJ,JJ,
56,8,lesson,NN,NN,
56,9,:,:,:,
56,10,dependency,NN,NN,
56,11,is,VBZ,VBZ,
56,12,easiest,NN,JJS,CHECK
56,13,to,TO,TO,
56,14,prevent,VB,VB,
56,15,before,IN,IN,
56,16,it,PRP,PRP,
56,17,becomes,VBZ,VBZ,
56,18,dependency,NN,NN,
56,19,.,.,.,
57,1,Once,RB,RB,
57,2,foreign,JJ,JJ,
57,3,technology,NN,NN,
57,4,has,VBZ,VBZ,
57,5,deeply,RB,RB,
57,6,integrated,VBN,VBN,
57,7,into,IN,IN,
57,8,national,JJ,JJ,
57,9,infrastructure,NN,NN,
57,10,",",",",",",
57,11,jettisoning,NN,VBG,CHECK
57,12,it,PRP,PRP,
57,13,will,MD,MD,
57,14,be,VB,VB,
57,15,expensive,JJ,JJ,
57,16,and,CC,CC,
57,17,politically,RB,RB,
57,18,difficult,JJ,JJ,
57,19,.,.,.,
58,1,Stanford,NNP,NNP,
58,2,estimations,NN,NNS,CHECK
58,3,reflect,VB,VBP,CHECK
58,4,US,NNP,NNP,
58,5,private,JJ,JJ,
58,6,investment,NN,NN,
58,7,in,IN,IN,
58,8,AI,NN,NNP,CHECK
58,9,at,IN,IN,
58,10,roughly,RB,RB,
58,11,US,NNP,NNP,
58,12,$,$,$,
58,13,285.9,NN,CD,CHECK
58,14,billion,CD,CD,
58,15,in,IN,IN,
58,16,2025,NN,CD,CHECK
58,17,",",",",",",
58,18,exceeding,VBG,VBG,
58,19,many,JJ,JJ,
58,20,others,NNS,NNS,
58,21,.,.,.,
59,1,In,IN,IN,
59,2,2024,NN,CD,CHECK
59,3,",",",",",",
59,4,China,NNP,NNP,
59,5,manufactured,VBN,VBD,CHECK
59,6,almost,RB,RB,
59,7,"300,000",CD,CD,
59,8,industrial,JJ,JJ,
59,9,robots,NN,NNS,CHECK
59,10,",",",",",",
59,11,accounting,VBG,NN,CHECK
59,12,for,IN,IN,
59,13,about,IN,RB,CHECK
59,14,54,CD,CD,
59,15,%,NN,NN,
59,16,of,IN,IN,
59,17,global,JJ,JJ,
59,18,installations,NN,NNS,CHECK
59,19,.,.,.,
60,1,The,DT,DT,
60,2,United,NNP,NNP,
60,3,States,NNPS,NNPS,
60,4,",",",",",",
60,5,by,IN,IN,
60,6,contrast,NN,NN,
60,7,",",",",",",
60,8,installed,VBN,VBD,CHECK
60,9,only,RB,RB,
60,10,around,IN,RB,CHECK
60,11,"34,000",NN,CD,CHECK
60,12,industrial,JJ,JJ,
60,13,robots,NN,NNS,CHECK
60,14,that,WDT,WDT,
60,15,same,JJ,JJ,
60,16,year,NN,NN,
60,17,.,.,.,
61,1,Every,DT,DT,
61,2,robot,NN,NN,
61,3,deployed,NN,VBN,CHECK
61,4,provides,VBZ,VBZ,
61,5,useful,JJ,JJ,
61,6,experience,NN,NN,
61,7,and,CC,CC,
61,8,gives,VBZ,VBZ,
61,9,manufacturers,NNS,NNS,
61,10,opportunities,NNS,NNS,
61,11,to,TO,TO,
61,12,improve,VB,VB,
61,13,components,NN,NNS,CHECK
61,14,",",",",",",
61,15,further,JJ,JJ,
61,16,reduce,VB,VB,
61,17,prices,NNS,NNS,
61,18,and,CC,CC,
61,19,strengthen,NN,NN,
61,20,supplier,NN,NN,
61,21,networks,NNS,NNS,
61,22,.,.,.,
62,1,The,DT,DT,
62,2,United,NNP,NNP,
62,3,States,NNPS,NNPS,
62,4,still,RB,RB,
62,5,maintains,NN,VBZ,CHECK
62,6,the,DT,DT,
62,7,intelligence,NN,NN,
62,8,and,CC,CC,
62,9,power,NN,NN,
62,10,gap,NN,NN,
62,11,in,IN,IN,
62,12,AI,NN,NNP,CHECK
62,13,models,NNS,NNS,
62,14,and,CC,CC,
62,15,reasoning,NN,VBG,CHECK
62,16,capacities,NN,NNS,CHECK
62,17,",",",",",",
62,18,by,IN,IN,
62,19,far,RB,RB,
62,20,",",",",",",
62,21,compared,VBN,VBN,
62,22,to,TO,TO,
62,23,others,NNS,NNS,
62,24,.,.,.,
63,1,American,NNP,JJ,CHECK
63,2,companies,NNS,NNS,
63,3,still,RB,RB,
63,4,maintain,VB,VBP,CHECK
63,5,unmatched,NN,JJ,CHECK
63,6,knowledge,NN,NN,
63,7,in,IN,IN,
63,8,many,JJ,JJ,
63,9,frontier,NN,JJR,CHECK
63,10,AI,NN,NNP,CHECK
63,11,systems,NNS,NNS,
63,12,",",",",",",
63,13,semiconductor,NN,NN,
63,14,design,NN,NN,
63,15,",",",",",",
63,16,cloud,NN,NN,
63,17,computing,NN,NN,
63,18,and,CC,CC,
63,19,private,JJ,JJ,
63,20,technological,NN,JJ,CHECK
63,21,investment,NN,NN,
63,22,.,.,.,
64,1,Washington,NNP,NNP,
64,2,retains,NN,VBZ,CHECK
64,3,major,JJ,JJ,
64,4,leverage,NN,NN,
64,5,in,IN,IN,
64,6,the,DT,DT,
64,7,brain,NN,NN,
64,8,of,IN,IN,
64,9,the,DT,DT,
64,10,emerging,VBG,VBG,
64,11,robotic,JJ,JJ,
64,12,economy,NN,NN,
64,13,ecosystem,NN,NN,
64,14,.,.,.,
65,1,China,NNP,NNP,
65,2,'s,POS,POS,
65,3,greatest,JJS,JJS,
65,4,strength,NN,NN,
65,5,in,IN,IN,
65,6,the,DT,DT,
65,7,robotics,NN,NNS,CHECK
65,8,competition,NN,NN,
65,9,is,VBZ,VBZ,
65,10,not,RB,RB,
65,11,always,RB,RB,
65,12,assumed,VBN,VBN,
65,13,to,TO,TO,
65,14,be,VB,VB,
65,15,in,IN,IN,
65,16,the,DT,DT,
65,17,race,NN,NN,
65,18,for,IN,IN,
65,19,the,DT,DT,
65,20,best,JJS,JJS,
65,21,AI,NN,NN,
65,22,models,NNS,NNS,
65,23,",",",",",",
65,24,but,CC,CC,
65,25,more,JJR,RBR,CHECK
65,26,in,IN,IN,
65,27,its,PRP$,PRP$,
65,28,capacity,NN,NN,
65,29,to,TO,TO,
65,30,manufacture,VB,VB,
65,31,at,IN,IN,
65,32,the,DT,DT,
65,33,highest,JJS,JJS,
65,34,scale,NN,NN,
65,35,and,CC,CC,
65,36,volume,NN,NN,
65,37,.,.,.,
66,1,Beijing,NNP,NNP,
66,2,is,VBZ,VBZ,
66,3,pursuing,NN,VBG,CHECK
66,4,an,DT,DT,
66,5,opposite,JJ,JJ,
66,6,strategy,NN,NN,
66,7,",",",",",",
66,8,wanting,VBG,VBG,
66,9,scale,NN,NN,
66,10,before,IN,IN,
66,11,the,DT,DT,
66,12,market,NN,NN,
66,13,fully,RB,RB,
66,14,matures,NN,VBZ,CHECK
66,15,.,.,.,
67,1,Both,DT,DT,
67,2,Washington,NNP,NNP,
67,3,and,CC,CC,
67,4,Beijing,NNP,NNP,
67,5,understand,VB,VBP,CHECK
67,6,the,DT,DT,
67,7,stakes,NNS,NNS,
67,8,involved,VBD,VBN,CHECK
67,9,.,.,.,
68,1,This,DT,DT,
68,2,has,VBZ,VBZ,
68,3,increasingly,RB,RB,
68,4,shaped,NN,VBN,CHECK
68,5,American,NNP,JJ,CHECK
68,6,strategy,NN,NN,
68,7,toward,IN,IN,
68,8,semiconductors,NNS,NNS,
68,9,",",",",",",
68,10,drones,NN,NNS,CHECK
68,11,",",",",",",
68,12,critical,JJ,JJ,
68,13,minerals,NN,NNS,CHECK
68,14,and,CC,CC,
68,15,other,JJ,JJ,
68,16,strategic,JJ,JJ,
68,17,technologies,NNS,NNS,
68,18,;,:,:,
68,19,now,RB,RB,
68,20,",",",",",",
68,21,robotics,NN,NNS,CHECK
68,22,have,VBP,VBP,
68,23,joined,VBD,VBN,CHECK
68,24,the,DT,DT,
68,25,fray,NN,NN,
68,26,.,.,.,
69,1,Scale,NN,NN,
69,2,can,MD,MD,
69,3,create,VB,VB,
69,4,its,PRP$,PRP$,
69,5,own,JJ,JJ,
69,6,technological,NN,JJ,CHECK
69,7,advantage,NN,NN,
69,8,",",",",",",
69,9,giving,VBG,VBG,
69,10,greater,JJR,JJR,
69,11,leverage,NN,NN,
69,12,to,TO,TO,
69,13,China,NNP,NNP,
69,14,in,IN,IN,
69,15,this,DT,DT,
69,16,case,NN,NN,
69,17,.,.,.,
70,1,The,DT,DT,
70,2,broader,JJR,JJR,
70,3,objective,NN,JJ,CHECK
70,4,is,VBZ,VBZ,
70,5,two-pronged,NN,JJ,CHECK
70,6,:,:,:,
70,7,deny,VB,NN,CHECK
70,8,Chinese,JJ,JJ,
70,9,platforms,NNS,VBZ,CHECK
70,10,the,DT,DT,
70,11,space,NN,NN,
70,12,to,TO,TO,
70,13,dominate,NN,VB,CHECK
70,14,America,NNP,NNP,
70,15,'s,POS,POS,
70,16,robotic,JJ,JJ,
70,17,and,CC,CC,
70,18,AI,NN,NNP,CHECK
70,19,infrastructure,NN,NN,
70,20,while,IN,IN,
70,21,building,VBG,VBG,
70,22,a,DT,DT,
70,23,competitive,JJ,JJ,
70,24,US-and-allied,NN,JJ,CHECK
70,25,embodied,NN,VBN,CHECK
70,26,and,CC,CC,
70,27,supported,VBN,VBN,
70,28,AI,NN,NNP,CHECK
70,29,ecosystem,NN,NN,
70,30,of,IN,IN,
70,31,its,PRP$,PRP$,
70,32,own,JJ,JJ,
70,33,.,.,.,
71,1,This,DT,DT,
71,2,AI,NN,NNP,CHECK
71,3,race,NN,NN,
71,4,will,MD,MD,
71,5,be,VB,VB,
71,6,the,DT,DT,
71,7,key,JJ,JJ,
71,8,battleground,NN,NN,
71,9,in,IN,IN,
71,10,determining,NN,VBG,CHECK
71,11,who,WP,WP,
71,12,wins,VBZ,VBZ,
71,13,the,DT,DT,
71,14,global,JJ,JJ,
71,15,order,NN,NN,
71,16,in,IN,IN,
71,17,the,DT,DT,
71,18,new,JJ,JJ,
71,19,century,NN,NN,
71,20,.,.,.,
72,1,The,DT,DT,
72,2,fear,NN,NN,
72,3,is,VBZ,VBZ,
72,4,that,IN,IN,
72,5,these,DT,DT,
72,6,will,MD,MD,
72,7,give,VB,VB,
72,8,a,DT,DT,
72,9,strategic,JJ,JJ,
72,10,advantage,NN,NN,
72,11,to,TO,TO,
72,12,adversaries,NN,NNS,CHECK
72,13,",",",",",",
72,14,just,RB,RB,
72,15,like,VB,IN,CHECK
72,16,a,DT,DT,
72,17,Trojan,NNP,NNP,
72,18,horse,NN,NN,
72,19,could,MD,MD,
72,20,.,.,.,
73,1,The,DT,DT,
73,2,concerns,NNS,NNS,
73,3,include,VBP,VBP,
73,4,surveillance,NN,NN,
73,5,",",",",",",
73,6,cyberattacks,NN,NNS,CHECK
73,7,",",",",",",
73,8,supply-chain,NN,JJ,CHECK
73,9,disruption,NN,NN,
73,10,and,CC,CC,
73,11,the,DT,DT,
73,12,risk,NN,NN,
73,13,of,IN,IN,
73,14,remote,NN,JJ,CHECK
73,15,compromise,NN,NN,
73,16,.,.,.,
74,1,The,DT,DT,
74,2,first,JJ,JJ,
74,3,three,CD,CD,
74,4,industrial,JJ,JJ,
74,5,revolutions,NN,NNS,CHECK
74,6,left,VBD,VBD,
74,7,much,RB,RB,
74,8,of,IN,IN,
74,9,the,DT,DT,
74,10,Global,NN,NNP,CHECK
74,11,South,NNP,NNP,
74,12,behind,IN,IN,
74,13,.,.,.,
75,1,The,DT,DT,
75,2,infrastructure,NN,NN,
75,3,underpinning,NN,JJ,CHECK
75,4,AI,NN,NNP,CHECK
75,5,remains,VBZ,VBZ,
75,6,deeply,RB,RB,
75,7,unequal,NN,JJ,CHECK
75,8,.,.,.,
76,1,A,DT,DT,
76,2,similar,JJ,JJ,
76,3,divide,NN,NN,
76,4,is,VBZ,VBZ,
76,5,visible,JJ,JJ,
76,6,in,IN,IN,
76,7,adoption,NN,NN,
76,8,.,.,.,
77,1,Demand,NN,NN,
77,2,",",",",",",
77,3,in,IN,IN,
77,4,other,JJ,JJ,
77,5,words,NNS,NNS,
77,6,",",",",",",
77,7,is,VBZ,VBZ,
77,8,already,RB,RB,
77,9,substantial,JJ,JJ,
77,10,even,RB,RB,
77,11,where,WRB,WRB,
77,12,infrastructure,NN,NN,
77,13,and,CC,CC,
77,14,access,NN,NN,
77,15,lag,NN,NN,
77,16,behind,IN,IN,
77,17,.,.,.,
78,1,The,DT,DT,
78,2,dominant,JJ,JJ,
78,3,U.S.,NNP,NNP,
78,4,commercial,NN,JJ,CHECK
78,5,model,NN,NN,
78,6,",",",",",",
78,7,in,IN,IN,
78,8,his,PRP$,PRP$,
78,9,account,NN,NN,
78,10,",",",",",",
78,11,relies,VBZ,VBZ,
78,12,heavily,RB,RB,
78,13,on,IN,IN,
78,14,capital,NN,NN,
78,15,",",",",",",
78,16,advanced,VBD,VBD,
78,17,chips,NNS,NNS,
78,18,and,CC,CC,
78,19,computing,NN,VBG,CHECK
78,20,power,NN,NN,
78,21,",",",",",",
78,22,which,WDT,WDT,
78,23,requires,VBZ,VBZ,
78,24,higher,JJR,JJR,
78,25,investment,NN,NN,
78,26,and,CC,CC,
78,27,returns,NNS,NNS,
78,28,.,.,.,
79,1,A,DT,DT,
79,2,developer,NN,NN,
79,3,in,IN,IN,
79,4,Lagos,NN,NNP,CHECK
79,5,",",",",",",
79,6,Sao,NN,NNP,CHECK
79,7,Paulo,NN,NNP,CHECK
79,8,or,CC,CC,
79,9,Jakarta,NN,NNP,CHECK
79,10,can,MD,MD,
79,11,download,NN,VB,CHECK
79,12,an,DT,DT,
79,13,advanced,JJ,JJ,
79,14,model,NN,NN,
79,15,and,CC,CC,
79,16,adapt,NN,VB,CHECK
79,17,it,PRP,PRP,
79,18,to,TO,TO,
79,19,local,JJ,JJ,
79,20,needs,NNS,NNS,
79,21,without,IN,IN,
79,22,negotiating,VBG,VBG,
79,23,a,DT,DT,
79,24,conventional,JJ,JJ,
79,25,technology-transfer,NN,JJ,CHECK
79,26,agreement,NN,NN,
79,27,.,.,.,
80,1,Affordable,NN,JJ,CHECK
80,2,access,NN,NN,
80,3,is,VBZ,VBZ,
80,4,only,JJ,RB,CHECK
80,5,the,DT,DT,
80,6,first,JJ,JJ,
80,7,half,DT,NN,CHECK
80,8,of,IN,IN,
80,9,the,DT,DT,
80,10,argument,NN,NN,
80,11,.,.,.,
81,1,AI,NN,NNP,CHECK
81,2,is,VBZ,VBZ,
81,3,becoming,VBG,VBG,
81,4,an,DT,DT,
81,5,object,NN,NN,
81,6,of,IN,IN,
81,7,that,DT,DT,
81,8,contest,VB,NN,CHECK
81,9,.,.,.,
82,1,The,DT,DT,
82,2,shift,NN,NN,
82,3,in,IN,IN,
82,4,economic,JJ,JJ,
82,5,weight,NN,NN,
82,6,is,VBZ,VBZ,
82,7,already,RB,RB,
82,8,substantial,JJ,JJ,
82,9,.,.,.,
83,1,For,IN,IN,
83,2,much,JJ,JJ,
83,3,of,IN,IN,
83,4,the,DT,DT,
83,5,postwar,NN,JJ,CHECK
83,6,period,NN,NN,
83,7,",",",",",",
83,8,development,NN,NN,
83,9,ideas,NNS,NNS,
83,10,flowed,NN,VBD,CHECK
83,11,largely,RB,RB,
83,12,from,IN,IN,
83,13,developed,VBD,VBN,CHECK
83,14,to,TO,TO,
83,15,developing,VBG,VBG,
83,16,economies,NNS,NNS,
83,17,.,.,.,
84,1,AI,NN,NNP,CHECK
84,2,access,NN,NN,
84,3,and,CC,CC,
84,4,co-operation,NN,NN,
84,5,were,VBD,VBD,
84,6,also,RB,RB,
84,7,on,IN,IN,
84,8,the,DT,DT,
84,9,BRICS,NN,NNP,CHECK
84,10,agenda,NN,NN,
84,11,.,.,.,
85,1,That,DT,DT,
85,2,gap,NN,NN,
85,3,between,IN,IN,
85,4,demand,NN,NN,
85,5,and,CC,CC,
85,6,capacity,NN,NN,
85,7,is,VBZ,VBZ,
85,8,central,JJ,JJ,
85,9,to,TO,TO,
85,10,Lin,NN,NNP,CHECK
85,11,'s,POS,POS,
85,12,argument,NN,NN,
85,13,.,.,.,
86,1,The,DT,DT,
86,2,second,JJ,JJ,
86,3,is,VBZ,VBZ,
86,4,that,IN,IN,
86,5,latecomers,NN,NNS,CHECK
86,6,face,VB,VBP,CHECK
86,7,fewer,JJR,JJR,
86,8,legacy,NN,NN,
86,9,costs,NNS,NNS,
86,10,.,.,.,
87,1,But,CC,CC,
87,2,access,NN,NN,
87,3,alone,RB,RB,
87,4,does,VBZ,VBZ,
87,5,not,RB,RB,
87,6,create,VB,VB,
87,7,a,DT,DT,
87,8,latecomer,NN,JJ,CHECK
87,9,advantage,NN,NN,
87,10,.,.,.,
88,1,That,DT,DT,
88,2,leaves,VBZ,VBZ,
88,3,a,DT,DT,
88,4,crucial,JJ,JJ,
88,5,gap,NN,NN,
88,6,between,IN,IN,
88,7,access,NN,NN,
88,8,to,TO,TO,
88,9,a,DT,DT,
88,10,model,NN,NN,
88,11,and,CC,CC,
88,12,its,PRP$,PRP$,
88,13,productive,NN,JJ,CHECK
88,14,use,NN,NN,
88,15,.,.,.,
89,1,The,DT,DT,
89,2,BRICS,NN,NNP,CHECK
89,3,AI,NN,NNP,CHECK
89,4,initiatives,NNS,NNS,
89,5,are,VBP,VBP,
89,6,intended,VBN,VBN,
89,7,to,TO,TO,
89,8,give,VB,VB,
89,9,developing,VBG,VBG,
89,10,countries,NNS,NNS,
89,11,a,DT,DT,
89,12,greater,JJR,JJR,
89,13,role,NN,NN,
89,14,in,IN,IN,
89,15,shaping,VBG,VBG,
89,16,how,WRB,WRB,
89,17,the,DT,DT,
89,18,technology,NN,NN,
89,19,is,VBZ,VBZ,
89,20,used,VBN,VBN,
89,21,and,CC,CC,
89,22,governed,NN,VBN,CHECK
89,23,.,.,.,
90,1,Lin,NN,NNP,CHECK
90,2,argues,VBZ,VBZ,
90,3,that,IN,IN,
90,4,learning,NN,VBG,CHECK
90,5,should,MD,MD,
90,6,now,RB,RB,
90,7,run,VB,VB,
90,8,both,DT,DT,
90,9,ways,NNS,NNS,
90,10,.,.,.,
91,1,Countries,NNS,NNS,
91,2,need,VBP,VBP,
91,3,``,``,``,
91,4,local,JJ,JJ,
91,5,talent,NN,NN,
91,6,to,TO,TO,
91,7,transform,NN,VB,CHECK
91,8,the,DT,DT,
91,9,technology,NN,NN,
91,10,into,IN,IN,
91,11,local,JJ,JJ,
91,12,applications,NNS,NNS,
91,13,",",",",",",
91,14,'','','',
91,15,Lin,NN,NNP,CHECK
91,16,added,VBD,VBD,
91,17,.,.,.,
92,1,The,DT,DT,
92,2,11,CD,CD,
92,3,BRICS,NN,NNP,CHECK
92,4,economies,NNS,NNS,
92,5,accounted,VBN,VBD,CHECK
92,6,for,IN,IN,
92,7,about,RB,IN,CHECK
92,8,41,CD,CD,
92,9,per,IN,IN,
92,10,cent,NN,NN,
92,11,of,IN,IN,
92,12,global,JJ,JJ,
92,13,GDP,NN,NNP,CHECK
92,14,in,IN,IN,
92,15,purchasing-power-parity,NN,NN,
92,16,terms,NNS,NNS,
92,17,in,IN,IN,
92,18,2025,NN,CD,CHECK
92,19,",",",",",",
92,20,compared,VBN,VBN,
92,21,with,IN,IN,
92,22,28,CD,CD,
92,23,per,IN,IN,
92,24,cent,NN,NN,
92,25,for,IN,IN,
92,26,the,DT,DT,
92,27,G7,NN,NNP,CHECK
92,28,",",",",",",
92,29,according,VBG,VBG,
92,30,to,TO,TO,
92,31,IMF,NN,NNP,CHECK
92,32,data,NNS,NNS,
92,33,.,.,.,
93,1,Ukrainian,NN,JJ,CHECK
93,2,President,NNP,NNP,
93,3,Volodymyr,NN,NNP,CHECK
93,4,Zelensky,NN,NNP,CHECK
93,5,said,VBD,VBD,
93,6,Friday,NNP,NNP,
93,7,that,IN,IN,
93,8,US,NNP,NNP,
93,9,President,NNP,NNP,
93,10,Donald,NNP,NNP,
93,11,Trump,NNP,NNP,
93,12,will,MD,MD,
93,13,allow,VB,VB,
93,14,Ukraine,NN,NNP,CHECK
93,15,to,TO,TO,
93,16,manufacture,VB,VB,
93,17,Patriot,NN,NNP,CHECK
93,18,missiles,NNS,NNS,
93,19,",",",",",",
93,20,a,DT,DT,
93,21,key,JJ,JJ,
93,22,demand,NN,NN,
93,23,as,IN,IN,
93,24,Kyiv,NN,NNP,CHECK
93,25,tries,NN,VBZ,CHECK
93,26,to,TO,TO,
93,27,fend,VB,VB,
93,28,off,RP,RP,
93,29,relentless,NN,NN,
93,30,Russian,JJ,JJ,
93,31,aerial,NN,JJ,CHECK
93,32,attacks,NNS,NNS,
93,33,.,.,.,
94,1,``,``,``,
94,2,During,IN,IN,
94,3,our,PRP$,PRP$,
94,4,last,JJ,JJ,
94,5,meeting,NN,NN,
94,6,",",",",",",
94,7,President,NNP,NNP,
94,8,Trump,NNP,NNP,
94,9,emphasized,VBD,VBD,
94,10,that,IN,IN,
94,11,",",",",",",
94,12,yes,RB,UH,CHECK
94,13,",",",",",",
94,14,I,PRP,PRP,
94,15,have,VBP,VBP,
94,16,made,VBN,VBN,
94,17,the,DT,DT,
94,18,final,JJ,JJ,
94,19,decision,NN,NN,
94,20,:,:,:,
94,21,Ukraine,NN,NN,
94,22,will,MD,MD,
94,23,receive,VB,VB,
94,24,a,DT,DT,
94,25,license,NN,NN,
94,26,to,TO,TO,
94,27,manufacture,VB,VB,
94,28,Patriot,NN,NNP,CHECK
94,29,missiles,NNS,NNS,
94,30,.,.,.,
94,31,'','','',
95,1,Trump,NNP,NNP,
95,2,suggested,VBD,VBD,
95,3,Ukraine,NN,NNP,CHECK
95,4,would,MD,MD,
95,5,gain,NN,VB,CHECK
95,6,the,DT,DT,
95,7,right,NN,NN,
95,8,to,TO,TO,
95,9,make,VB,VB,
95,10,Patriots,NN,NNS,CHECK
95,11,on,IN,IN,
95,12,the,DT,DT,
95,13,side,NN,NN,
95,14,lines,NNS,NNS,
95,15,of,IN,IN,
95,16,the,DT,DT,
95,17,NATO,NN,NNP,CHECK
95,18,summit,NN,NN,
95,19,in,IN,IN,
95,20,Turkey,NNP,NNP,
95,21,back,RB,RB,
95,22,in,IN,IN,
95,23,July,NNP,NNP,
95,24,",",",",",",
95,25,but,CC,CC,
95,26,weeks,NNS,NNS,
95,27,later,JJ,RB,CHECK
95,28,he,PRP,PRP,
95,29,cooled,VBN,VBD,CHECK
95,30,on,IN,IN,
95,31,the,DT,DT,
95,32,offer,NN,NN,
95,33,.,.,.,
96,1,CNN,NN,NNP,CHECK
96,2,has,VBZ,VBZ,
96,3,approached,VBD,VBN,CHECK
96,4,the,DT,DT,
96,5,White,NNP,NNP,
96,6,House,NNP,NNP,
96,7,for,IN,IN,
96,8,comment,NN,NN,
96,9,.,.,.,
97,1,Saudi,NNP,NNP,
97,2,Arabia,NNP,NNP,
97,3,'s,POS,POS,
97,4,allies,NNS,NNS,
97,5,are,VBP,VBP,
97,6,rallying,VBG,VBG,
97,7,to,TO,TO,
97,8,support,VB,VB,
97,9,the,DT,DT,
97,10,country,NN,NN,
97,11,as,IN,IN,
97,12,the,DT,DT,
97,13,Houthi,NN,NNP,CHECK
97,14,rebels,NNS,NNS,
97,15,step,NN,VB,CHECK
97,16,up,IN,RB,CHECK
97,17,attacks,NNS,NNS,
97,18,.,.,.,
98,1,France,NNP,NNP,
98,2,confirmed,VBD,VBD,
98,3,on,IN,IN,
98,4,Friday,NNP,NNP,
98,5,that,IN,IN,
98,6,it,PRP,PRP,
98,7,is,VBZ,VBZ,
98,8,sending,VBG,VBG,
98,9,troops,NNS,NNS,
98,10,to,TO,TO,
98,11,guard,NN,VB,CHECK
98,12,the,DT,DT,
98,13,major,JJ,JJ,
98,14,oil,NN,NN,
98,15,terminal,NN,NN,
98,16,at,IN,IN,
98,17,Yanbu,NN,NNP,CHECK
98,18,.,.,.,
98,19,Meanwhile,RB,RB,
98,20,",",",",",",
98,21,Saudi,NNP,NNP,
98,22,officials,NNS,NNS,
98,23,are,VBP,VBP,
98,24,meeting,NN,VBG,CHECK
98,25,with,IN,IN,
98,26,peers,NN,NNS,CHECK
98,27,from,IN,IN,
98,28,Pakistan,NNP,NNP,
98,29,and,CC,CC,
98,30,Turkiye,NN,NNP,CHECK
98,31,to,TO,TO,
98,32,discuss,VB,VB,
98,33,options,NNS,NNS,
98,34,under,IN,IN,
98,35,their,PRP$,PRP$,
98,36,mutual,JJ,JJ,
98,37,defence,NN,NN,
98,38,pact,NN,NN,
98,39,.,.,.,
99,1,Yanbu,NN,NN,
99,2,hosts,NN,NNS,CHECK
99,3,major,JJ,JJ,
99,4,oil,NN,NN,
99,5,storage,NN,NN,
99,6,and,CC,CC,
99,7,refining,NN,NN,
99,8,facilities,NNS,NNS,
99,9,and,CC,CC,
99,10,is,VBZ,VBZ,
99,11,connected,VBN,VBN,
99,12,by,IN,IN,
99,13,the,DT,DT,
99,14,East-West,NN,NNP,CHECK
99,15,Pipeline,NN,NNP,CHECK
99,16,",",",",",",
99,17,which,WDT,WDT,
99,18,can,MD,MD,
99,19,carry,VB,VB,
99,20,up,RP,RP,
99,21,to,TO,TO,
99,22,seven,CD,CD,
99,23,million,CD,CD,
99,24,barrels,NNS,NNS,
99,25,a,DT,DT,
99,26,day,NN,NN,
99,27,.,.,.,
100,1,The,DT,DT,
100,2,Houthis,NN,NNP,CHECK
100,3,",",",",",",
100,4,also,RB,RB,
100,5,known,VBN,VBN,
100,6,as,IN,IN,
100,7,Ansar,NN,NNP,CHECK
100,8,Allah,NN,NNP,CHECK
100,9,(,NN,(,CHECK
100,10,supporters,NNS,NNS,
100,11,of,IN,IN,
100,12,God,NNP,NNP,
100,13,),NN,),CHECK
100,14,",",",",",",
100,15,have,VBP,VBP,
100,16,repeatedly,RB,RB,
100,17,fired,VBD,VBN,CHECK
100,18,missiles,NNS,NNS,
100,19,and,CC,CC,
100,20,drones,NN,NNS,CHECK
100,21,into,IN,IN,
100,22,Saudi,NNP,NNP,
100,23,Arabia,NNP,NNP,
100,24,",",",",",",
100,25,disrupting,NN,VBG,CHECK
100,26,oil,NN,NN,
100,27,flows,NNS,NNS,
100,28,from,IN,IN,
100,29,the,DT,DT,
100,30,world,NN,NN,
100,31,'s,POS,POS,
100,32,largest,JJS,JJS,
100,33,energy,NN,NN,
100,34,exporter,NN,NN,
100,35,.,.,.,
101,1,Saudi,NNP,NNP,
101,2,forces,NNS,NNS,
101,3,said,VBD,VBD,
101,4,they,PRP,PRP,
101,5,had,VBD,VBD,
101,6,intercepted,NN,VBN,CHECK
101,7,six,CD,CD,
101,8,ballistic,NN,JJ,CHECK
101,9,missiles,NNS,NNS,
101,10,.,.,.,
102,1,They,PRP,PRP,
102,2,also,RB,RB,
102,3,condemned,VBN,VBD,CHECK
102,4,Houthi,NN,NNP,CHECK
102,5,attacks,NNS,NNS,
102,6,that,WDT,IN,CHECK
102,7,they,PRP,PRP,
102,8,claimed,VBD,VBD,
102,9,targeted,VBN,VBN,
102,10,Mecca,NN,NNP,CHECK
102,11,and,CC,CC,
102,12,other,JJ,JJ,
102,13,civilian,NN,JJ,CHECK
102,14,sites,NNS,NNS,
102,15,.,.,.,
103,1,Saudi,NNP,NNP,
103,2,Arabia,NNP,NNP,
103,3,'s,POS,POS,
103,4,grand,JJ,JJ,
103,5,mufti,NN,NN,
103,6,called,VBN,VBN,
103,7,on,IN,IN,
103,8,soldiers,NNS,NNS,
103,9,to,TO,TO,
103,10,be,VB,VB,
103,11,ready,JJ,JJ,
103,12,to,TO,TO,
103,13,lay,VBD,VB,CHECK
103,14,down,RB,RP,CHECK
103,15,their,PRP$,PRP$,
103,16,lives,NNS,NNS,
103,17,to,TO,TO,
103,18,fight,NN,VB,CHECK
103,19,the,DT,DT,
103,20,Houthis,NN,NNP,CHECK
103,21,",",",",",",
103,22,according,VBG,VBG,
103,23,to,TO,TO,
103,24,the,DT,DT,
103,25,Saudi,NNP,NNP,
103,26,state,NN,NN,
103,27,news,NN,NN,
103,28,agency,NN,NN,
103,29,.,.,.,
104,1,The,DT,DT,
104,2,US,NNP,NNP,
104,3,has,VBZ,VBZ,
104,4,not,RB,RB,
104,5,renewed,VBN,VBN,
104,6,military,JJ,JJ,
104,7,involvement,NN,NN,
104,8,",",",",",",
104,9,but,CC,CC,
104,10,Saudi,NNP,NNP,
104,11,Foreign,NNP,NNP,
104,12,Minister,NNP,NNP,
104,13,Prince,NN,NNP,CHECK
104,14,Faisal,NN,NNP,CHECK
104,15,bin,NN,VBZ,CHECK
104,16,Farhan,NN,NNP,CHECK
104,17,Al,NNP,NNP,
104,18,Saud,NN,NNP,CHECK
104,19,said,VBD,VBD,
104,20,the,DT,DT,
104,21,kingdom,NN,NN,
104,22,was,VBD,VBD,
104,23,``,``,``,
104,24,continuing,VBG,VBG,
104,25,to,TO,TO,
104,26,work,VB,VB,
104,27,with,IN,IN,
104,28,our,PRP$,PRP$,
104,29,partners,NNS,NNS,
104,30,in,IN,IN,
104,31,the,DT,DT,
104,32,US,NNP,NNP,
104,33,'','','',
104,34,.,.,.,
105,1,Earlier,JJR,RBR,CHECK
105,2,this,DT,DT,
105,3,month,NN,NN,
105,4,",",",",",",
105,5,the,DT,DT,
105,6,Houthis,NN,NNP,CHECK
105,7,seized,VBD,VBD,
105,8,the,DT,DT,
105,9,Yemeni,NN,NNP,CHECK
105,10,port,NN,NN,
105,11,of,IN,IN,
105,12,Mocha,NN,NNP,CHECK
105,13,and,CC,CC,
105,14,several,JJ,JJ,
105,15,Red,NNP,NNP,
105,16,Sea,NNP,NNP,
105,17,islands,NN,NNS,CHECK
105,18,",",",",",",
105,19,giving,VBG,VBG,
105,20,them,PRP,PRP,
105,21,significant,JJ,JJ,
105,22,control,NN,NN,
105,23,over,IN,IN,
105,24,the,DT,DT,
105,25,Bab,NN,NNP,CHECK
105,26,al-Mandeb,NN,JJ,CHECK
105,27,strait,NN,NN,
105,28,",",",",",",
105,29,which,WDT,WDT,
105,30,usually,RB,RB,
105,31,carries,VBZ,VBZ,
105,32,about,IN,IN,
105,33,12,CD,CD,
105,34,percent,NN,NN,
105,35,of,IN,IN,
105,36,global,JJ,JJ,
105,37,oil,NN,NN,
105,38,trade,VB,NN,CHECK
105,39,.,.,.,
106,1,Brent,NNP,JJ,CHECK
106,2,crude,JJ,NN,CHECK
106,3,rose,VBD,VBD,
106,4,more,JJR,JJR,
106,5,than,IN,IN,
106,6,3,CD,CD,
106,7,percent,NN,NN,
106,8,on,IN,IN,
106,9,Thursday,NNP,NNP,
106,10,",",",",",",
106,11,briefly,NN,NN,
106,12,topping,NN,VBG,CHECK
106,13,$,$,$,
106,14,108,CD,CD,
106,15,a,DT,DT,
106,16,barrel,NN,NN,
106,17,",",",",",",
106,18,before,IN,IN,
106,19,easing,VBG,VBG,
106,20,to,TO,TO,
106,21,$,$,$,
106,22,105.77,NN,CD,CHECK
106,23,on,IN,IN,
106,24,Friday,NNP,NNP,
106,25,morning,NN,NN,
106,26,.,.,.,
107,1,The,DT,DT,
107,2,Houthi,NN,NNP,CHECK
107,3,targeting,VBG,NN,CHECK
107,4,of,IN,IN,
107,5,Yanbu,NN,NNP,CHECK
107,6,adds,VBZ,VBZ,
107,7,to,TO,TO,
107,8,the,DT,DT,
107,9,pressure,NN,NN,
107,10,on,IN,IN,
107,11,Saudi,NNP,NNP,
107,12,Arabia,NNP,NNP,
107,13,'s,POS,POS,
107,14,oil,NN,NN,
107,15,exports,NNS,NNS,
107,16,.,.,.,
108,1,On,IN,IN,
108,2,Thursday,NNP,NNP,
108,3,",",",",",",
108,4,the,DT,DT,
108,5,rebel,NN,NN,
108,6,group,NN,NN,
108,7,said,VBD,VBD,
108,8,it,PRP,PRP,
108,9,had,VBD,VBD,
108,10,struck,NN,VBN,CHECK
108,11,the,DT,DT,
108,12,facilities,NNS,NNS,
108,13,of,IN,IN,
108,14,state,NN,NN,
108,15,oil,NN,NN,
108,16,firm,NN,NN,
108,17,Aramco,NN,NNP,CHECK
108,18,in,IN,IN,
108,19,Yanbu,NN,NNP,CHECK
108,20,",",",",",",
108,21,and,CC,CC,
108,22,a,DT,DT,
108,23,``,``,``,
108,24,sensitive,JJ,JJ,
108,25,target,NN,NN,
108,26,'','','',
108,27,in,IN,IN,
108,28,Riyadh,NNP,NNP,
108,29,.,.,.,
109,1,Both,DT,DT,
109,2,of,IN,IN,
109,3,the,DT,DT,
109,4,Saudi,NNP,NNP,
109,5,allies,NNS,NNS,
109,6,are,VBP,VBP,
109,7,heavily,RB,RB,
109,8,involved,VBN,VBN,
109,9,as,IN,IN,
109,10,mediators,NN,NNS,CHECK
109,11,seeking,VBG,VBG,
109,12,to,TO,TO,
109,13,bring,VB,VB,
109,14,an,DT,DT,
109,15,end,NN,NN,
109,16,to,TO,TO,
109,17,the,DT,DT,
109,18,conflicts,NNS,NNS,
109,19,across,IN,IN,
109,20,the,DT,DT,
109,21,Middle,NN,NNP,CHECK
109,22,East,NNP,NNP,
109,23,.,.,.,
110,1,Strikes,NN,NNS,CHECK
110,2,have,VBP,VBP,
110,3,also,RB,RB,
110,4,disrupted,NN,VBN,CHECK
110,5,the,DT,DT,
110,6,operation,NN,NN,
110,7,of,IN,IN,
110,8,the,DT,DT,
110,9,East-West,NN,NNP,CHECK
110,10,Pipeline,NN,NNP,CHECK
110,11,linking,NN,VBG,CHECK
110,12,Yanbu,NN,NNP,CHECK
110,13,to,TO,TO,
110,14,export,VB,VB,
110,15,routes,VBZ,NNS,CHECK
110,16,.,.,.,
111,1,However,RB,RB,
111,2,",",",",",",
111,3,the,DT,DT,
111,4,Houthis,NN,NNP,CHECK
111,5,have,VBP,VBP,
111,6,now,RB,RB,
111,7,forced,VBD,VBN,CHECK
111,8,the,DT,DT,
111,9,Saudis,NN,NNP,CHECK
111,10,to,TO,TO,
111,11,switch,VB,VB,
111,12,some,DT,DT,
111,13,exports,NNS,NNS,
111,14,back,RB,RB,
111,15,to,TO,TO,
111,16,Hormuz,NN,NNP,CHECK
111,17,.,.,.,
112,1,French,JJ,JJ,
112,2,President,NNP,NNP,
112,3,Emmanuel,NN,NNP,CHECK
112,4,Macron,NN,NNP,CHECK
112,5,told,VBD,VBD,
112,6,broadcasters,NN,NNS,CHECK
112,7,TF1,NN,NNP,CHECK
112,8,and,CC,CC,
112,9,France,NNP,NNP,
112,10,2,CD,CD,
112,11,that,WDT,IN,CHECK
112,12,Paris,NNP,NNP,
112,13,is,VBZ,VBZ,
112,14,to,TO,TO,
112,15,send,VB,VB,
112,16,``,``,``,
112,17,soldiers,NNS,NNS,
112,18,",",",",",",
112,19,radars,NN,NNS,CHECK
112,20,",",",",",",
112,21,and,CC,CC,
112,22,defence,NN,NN,
112,23,systems,NNS,NNS,
112,24,'','','',
112,25,to,TO,TO,
112,26,the,DT,DT,
112,27,Red,NNP,NNP,
112,28,Sea,NNP,NNP,
112,29,port,NN,NN,
112,30,of,IN,IN,
112,31,Yanbu,NN,NNP,CHECK
112,32,.,.,.,
113,1,The,DT,DT,
113,2,plaque,NN,NN,
113,3,was,VBD,VBD,
113,4,formally,RB,RB,
113,5,handed,VBD,VBN,CHECK
113,6,over,RP,RP,
113,7,to,TO,TO,
113,8,AASL,NN,NNP,CHECK
113,9,Chairman,NNP,NNP,
113,10,Admiral,NN,NNP,CHECK
113,11,Kanchana,NN,NNP,CHECK
113,12,Banagoda,NN,NNP,CHECK
113,13,(,NN,(,CHECK
113,14,Retd,NN,NNP,CHECK
113,15,.,.,.,
113,16,),NN,),CHECK
113,17,by,IN,IN,
113,18,SLAAA,NN,NNP,CHECK
113,19,Head,NN,NNP,CHECK
113,20,Kishantha,NN,NNP,CHECK
113,21,Nimalaratne,NN,NNP,CHECK
113,22,during,IN,IN,
113,23,the,DT,DT,
113,24,ninth,JJ,JJ,
113,25,Board,NNP,NNP,
113,26,Meeting,NN,NNP,CHECK
113,27,of,IN,IN,
113,28,AASL,NN,NNP,CHECK
113,29,held,VBN,VBD,CHECK
113,30,on,IN,IN,
113,31,September,NNP,NNP,
113,32,22,CD,CD,
113,33,.,.,.,
114,1,The,DT,DT,
114,2,ICAO,NN,NNP,CHECK
114,3,TRAINAIR,NN,NNP,CHECK
114,4,PLUS,NN,NNP,CHECK
114,5,Programme,NN,NNP,CHECK
114,6,is,VBZ,VBZ,
114,7,a,DT,DT,
114,8,global,JJ,JJ,
114,9,network,NN,NN,
114,10,of,IN,IN,
114,11,aviation,NN,NN,
114,12,training,NN,NN,
114,13,organisations,NN,NNS,CHECK
114,14,aimed,VBN,VBN,
114,15,at,IN,IN,
114,16,improving,VBG,VBG,
114,17,the,DT,DT,
114,18,quality,NN,NN,
114,19,",",",",",",
114,20,safety,NN,NN,
114,21,and,CC,CC,
114,22,efficiency,NN,NN,
114,23,of,IN,IN,
114,24,aviation,NN,NN,
114,25,training,NN,NN,
114,26,worldwide,NN,NN,
114,27,.,.,.,
115,1,SLAAA,NN,NNP,CHECK
115,2,has,VBZ,VBZ,
115,3,been,VBN,VBN,
115,4,a,DT,DT,
115,5,member,NN,NN,
115,6,of,IN,IN,
115,7,the,DT,DT,
115,8,ICAO,NN,NNP,CHECK
115,9,training,NN,NN,
115,10,programme,NN,NN,
115,11,since,IN,IN,
115,12,2007,NN,CD,CHECK
115,13,and,CC,CC,
115,14,is,VBZ,VBZ,
115,15,currently,RB,RB,
115,16,the,DT,DT,
115,17,only,JJ,JJ,
115,18,training,NN,NN,
115,19,organisation,NN,NN,
115,20,in,IN,IN,
115,21,Sri,NN,NNP,CHECK
115,22,Lanka,NN,NNP,CHECK
115,23,holding,VBG,VBG,
115,24,ICAO,NN,NNP,CHECK
115,25,TRAINAIR,NN,NNP,CHECK
115,26,PLUS,NN,NNP,CHECK
115,27,membership,NN,NN,
115,28,.,.,.,
116,1,The,DT,DT,
116,2,Academy,NN,NNP,CHECK
116,3,said,VBD,VBD,
116,4,its,PRP$,PRP$,
116,5,participation,NN,NN,
116,6,in,IN,IN,
116,7,the,DT,DT,
116,8,programme,NN,NN,
116,9,had,VBD,VBD,
116,10,also,RB,RB,
116,11,contributed,VBD,VBN,CHECK
116,12,to,TO,TO,
116,13,the,DT,DT,
116,14,development,NN,NN,
116,15,of,IN,IN,
116,16,specialised,NN,JJ,CHECK
116,17,professional,JJ,JJ,
116,18,expertise,NN,NN,
116,19,.,.,.,
117,1,In,IN,IN,
117,2,2025,NN,CD,CHECK
117,3,",",",",",",
117,4,a,DT,DT,
117,5,SLAAA,NN,NNP,CHECK
117,6,officer,NN,NN,
117,7,was,VBD,VBD,
117,8,appointed,VBN,VBN,
117,9,as,IN,IN,
117,10,an,DT,DT,
117,11,ICAO,NN,NNP,CHECK
117,12,Instructional,NN,NNP,CHECK
117,13,Systems,NNPS,NNP,CHECK
117,14,Design,NN,NNP,CHECK
117,15,Validator,NN,NNP,CHECK
117,16,.,.,.,
118,1,The,DT,DT,
118,2,Associate,NN,NNP,CHECK
118,3,(,NN,(,CHECK
118,4,Silver,NN,NNP,CHECK
118,5,),NN,),CHECK
118,6,membership,NN,NN,
118,7,status,NN,NN,
118,8,is,VBZ,VBZ,
118,9,determined,VBN,VBN,
118,10,through,IN,IN,
118,11,ICAO,NN,NNP,CHECK
118,12,'s,POS,POS,
118,13,performance,NN,NN,
118,14,measurement,NN,NN,
118,15,system,NN,NN,
118,16,",",",",",",
118,17,which,WDT,WDT,
118,18,assesses,NN,VBZ,CHECK
118,19,participating,NN,VBG,CHECK
118,20,training,NN,VBG,CHECK
118,21,organisations,NN,NNS,CHECK
118,22,against,IN,IN,
118,23,established,VBD,VBN,CHECK
118,24,criteria,NNS,NNS,
118,25,.,.,.,
119,1,Set,NN,NNP,CHECK
119,2,against,IN,IN,
119,3,the,DT,DT,
119,4,lakeside,NN,JJ,CHECK
119,5,setting,VBG,NN,CHECK
119,6,of,IN,IN,
119,7,8,CD,CD,
119,8,Degrees,NN,NNS,CHECK
119,9,",",",",",",
119,10,The,NNP,DT,CHECK
119,11,Nordic,NN,NNP,CHECK
119,12,Table,NN,NNP,CHECK
119,13,will,MD,MD,
119,14,be,VB,VB,
119,15,available,JJ,JJ,
119,16,from,IN,IN,
119,17,7:00,NN,CD,CHECK
119,18,p.m.,NN,NN,
119,19,to,TO,TO,
119,20,10:30,NN,CD,CHECK
119,21,p.m.,NN,NN,
119,22,",",",",",",
119,23,priced,VBN,VBN,
119,24,at,IN,IN,
119,25,"Rs.8,500",NN,NNP,CHECK
119,26,nett,NN,FW,CHECK
119,27,per,IN,IN,
119,28,person,NN,NN,
119,29,.,.,.,
120,1,The,DT,DT,
120,2,celebrations,NN,NNS,CHECK
120,3,begin,VB,VBP,CHECK
120,4,on,RP,IN,CHECK
120,5,October,NNP,NNP,
120,6,4,CD,CD,
120,7,",",",",",",
120,8,as,IN,IN,
120,9,The,DT,DT,
120,10,Lounge,NN,NNP,CHECK
120,11,marks,VBZ,NNS,CHECK
120,12,Swedish,NN,NNP,CHECK
120,13,Cinnamon,NN,NNP,CHECK
120,14,Bun,NN,NNP,CHECK
120,15,Day,NNP,NNP,
120,16,with,IN,IN,
120,17,a,DT,DT,
120,18,special,JJ,JJ,
120,19,Cinnamon,NN,NNP,CHECK
120,20,Bun,NN,NNP,CHECK
120,21,High,NNP,NNP,
120,22,Tea,NN,NNP,CHECK
120,23,Buffet,NN,NNP,CHECK
120,24,.,.,.,
121,1,The,DT,DT,
121,2,Swedish,NN,JJ,CHECK
121,3,culinary,NN,JJ,CHECK
121,4,journey,NN,NN,
121,5,continues,VBZ,VBZ,
121,6,on,IN,IN,
121,7,October,NNP,NNP,
121,8,16,CD,CD,
121,9,and,CC,CC,
121,10,17,CD,CD,
121,11,",",",",",",
121,12,with,IN,IN,
121,13,The,DT,DT,
121,14,Nordic,NN,NNP,CHECK
121,15,Table,NN,NNP,CHECK
121,16,",",",",",",
121,17,a,DT,DT,
121,18,special,JJ,JJ,
121,19,Swedish,NN,JJ,CHECK
121,20,buffet,NN,NN,
121,21,at,IN,IN,
121,22,8,CD,CD,
121,23,Degrees,NN,NNS,CHECK
121,24,.,.,.,
122,1,Chef,NN,NNP,CHECK
122,2,Carola,NN,NNP,CHECK
122,3,returns,NNS,VBZ,CHECK
122,4,to,TO,TO,
122,5,Colombo,NN,VB,CHECK
122,6,to,TO,TO,
122,7,share,VB,NN,CHECK
122,8,a,DT,DT,
122,9,taste,NN,NN,
122,10,of,IN,IN,
122,11,Sweden,NNP,NNP,
122,12,through,IN,IN,
122,13,the,DT,DT,
122,14,much-loved,NN,JJ,CHECK
122,15,tradition,NN,NN,
122,16,of,IN,IN,
122,17,Swedish,NN,JJ,CHECK
122,18,cinnamon,NN,NN,
122,19,buns,NN,NNS,CHECK
122,20,and,CC,CC,
122,21,a,DT,DT,
122,22,specially,NN,RB,CHECK
122,23,curated,NN,VBN,CHECK
122,24,Nordic,NN,NNP,CHECK
122,25,dining,NN,VBG,CHECK
122,26,experience,NN,NN,
122,27,.,.,.,
123,1,For,IN,IN,
123,2,reservations,NNS,NNS,
123,3,and,CC,CC,
123,4,enquiries,NN,NNS,CHECK
123,5,",",",",",",
123,6,please,VB,VB,
123,7,contact,NN,JJ,CHECK
123,8,Cinnamon,NN,NNP,CHECK
123,9,Lakeside,NN,NNP,CHECK
123,10,Colombo,NN,NNP,CHECK
123,11,.,.,.,
124,1,During,IN,IN,
124,2,these,DT,DT,
124,3,hours,NNS,NNS,
124,4,",",",",",",
124,5,other,JJ,JJ,
124,6,vehicles,NNS,NNS,
124,7,will,MD,MD,
124,8,not,RB,RB,
124,9,be,VB,VB,
124,10,permitted,VBN,VBN,
124,11,to,TO,TO,
124,12,use,VB,VB,
124,13,or,CC,CC,
124,14,park,NN,VB,CHECK
124,15,in,IN,IN,
124,16,the,DT,DT,
124,17,designated,VBN,JJ,CHECK
124,18,lanes,NN,NNS,CHECK
124,19,.,.,.,
125,1,The,DT,DT,
125,2,latest,JJS,JJS,
125,3,edition,NN,NN,
125,4,of,IN,IN,
125,5,the,DT,DT,
125,6,platform,NN,NN,
125,7,was,VBD,VBD,
125,8,held,VBN,VBN,
125,9,in,IN,IN,
125,10,Kandy,NN,NNP,CHECK
125,11,.,.,.,
126,1,Advocata,NN,NNP,CHECK
126,2,Institute,NNP,NNP,
126,3,CEO,NNP,NNP,
126,4,Dhananath,NN,NNP,CHECK
126,5,Fernando,NNP,NNP,
126,6,delivered,VBN,VBD,CHECK
126,7,the,DT,DT,
126,8,keynote,NN,NN,
126,9,address,NN,NN,
126,10,",",",",",",
126,11,sharing,NN,VBG,CHECK
126,12,perspectives,NN,NNS,CHECK
126,13,on,IN,IN,
126,14,economic,JJ,JJ,
126,15,trends,NNS,NNS,
126,16,",",",",",",
126,17,market,NN,NN,
126,18,dynamics,NNS,NNS,
126,19,and,CC,CC,
126,20,the,DT,DT,
126,21,evolving,NN,NN,
126,22,business,NN,NN,
126,23,landscape,NN,NN,
126,24,.,.,.,
127,1,The,DT,DT,
127,2,session,NN,NN,
127,3,was,VBD,VBD,
127,4,followed,VBN,VBN,
127,5,by,IN,IN,
127,6,a,DT,DT,
127,7,panel,NN,NN,
127,8,discussion,NN,NN,
127,9,featuring,VBG,VBG,
127,10,Moore,NNP,NNP,
127,11,Consulting,NN,NNP,CHECK
127,12,Managing,NN,NNP,CHECK
127,13,Director,NN,NNP,CHECK
127,14,and,CC,CC,
127,15,CA,NN,NNP,CHECK
127,16,Sri,NN,NNP,CHECK
127,17,Lanka,NN,NNP,CHECK
127,18,President,NNP,NNP,
127,19,Tishan,NN,NNP,CHECK
127,20,Subasinghe,NN,NNP,CHECK
127,21,",",",",",",
127,22,Fernando,NNP,NNP,
127,23,and,CC,CC,
127,24,NTB,NN,NNP,CHECK
127,25,Senior,NNP,NNP,
127,26,Executive,NN,NNP,CHECK
127,27,Vice,NNP,NNP,
127,28,President,NNP,NNP,
127,29,Commercial,NN,NNP,CHECK
127,30,Banking,NNP,NNP,
127,31,Arosha,NN,NNP,CHECK
127,32,Liyanaarachchi,NN,NNP,CHECK
127,33,.,.,.,
128,1,He,PRP,PRP,
128,2,added,VBD,VBD,
128,3,that,IN,IN,
128,4,the,DT,DT,
128,5,lanes,NN,NNS,CHECK
128,6,could,MD,MD,
128,7,be,VB,VB,
128,8,used,VBN,VBN,
128,9,by,IN,IN,
128,10,Metro,NN,NNP,CHECK
128,11,buses,NNS,NNS,
128,12,as,IN,RB,CHECK
128,13,well,RB,RB,
128,14,as,IN,IN,
128,15,other,JJ,JJ,
128,16,passenger,NN,NN,
128,17,transport,NN,NN,
128,18,buses,NNS,NNS,
128,19,.,.,.,
129,1,GS1,NN,NNP,CHECK
129,2,Sunrise,NN,NNP,CHECK
129,3,2027,NN,CD,CHECK
129,4,is,VBZ,VBZ,
129,5,a,DT,DT,
129,6,global,JJ,JJ,
129,7,industry,NN,NN,
129,8,initiative,NN,NN,
129,9,aiming,VBG,VBG,
129,10,to,TO,TO,
129,11,transition,NN,VB,CHECK
129,12,retail,NN,JJ,CHECK
129,13,checkout,NN,NN,
129,14,systems,NNS,NNS,
129,15,to,TO,TO,
129,16,read,VB,VB,
129,17,2D,NN,CD,CHECK
129,18,barcodes,NN,NNS,CHECK
129,19,such,JJ,JJ,
129,20,as,IN,IN,
129,21,QR,NN,NNP,CHECK
129,22,codes,NN,NNS,CHECK
129,23,and,CC,CC,
129,24,Data,NNP,NNP,
129,25,Matrix,NN,NNP,CHECK
129,26,codes,NN,NNS,CHECK
129,27,alongside,NN,VBP,CHECK
129,28,traditional,JJ,JJ,
129,29,1D,NN,CD,CHECK
129,30,UPC,NN,NNP,CHECK
129,31,stripes,NN,NNS,CHECK
129,32,by,IN,IN,
129,33,end-2027,NN,NN,
129,34,.,.,.,
130,1,Addressing,NN,VBG,CHECK
130,2,the,DT,DT,
130,3,AGM,NN,NNP,CHECK
130,4,",",",",",",
130,5,GS1,NN,NNP,CHECK
130,6,Lanka,NN,NNP,CHECK
130,7,President,NNP,NNP,
130,8,Revan,NN,NNP,CHECK
130,9,Fernando,NNP,NNP,
130,10,noted,VBD,VBD,
130,11,that,IN,IN,
130,12,GS1,NN,NNP,CHECK
130,13,has,VBZ,VBZ,
130,14,been,VBN,VBN,
130,15,giving,VBG,VBG,
130,16,Sri,NN,NNP,CHECK
130,17,Lankan,NN,NNP,CHECK
130,18,products,NNS,NNS,
130,19,a,DT,DT,
130,20,globally,RB,RB,
130,21,recognised,NN,VBN,CHECK
130,22,identity,NN,NN,
130,23,for,IN,IN,
130,24,more,JJR,JJR,
130,25,than,IN,IN,
130,26,30,CD,CD,
130,27,years,NNS,NNS,
130,28,.,.,.,
131,1,Under,IN,IN,
131,2,its,PRP$,PRP$,
131,3,Sunrise,NN,NNP,CHECK
131,4,2027,NN,CD,CHECK
131,5,initiative,NN,NN,
131,6,",",",",",",
131,7,GS1,NN,NNP,CHECK
131,8,Lanka,NN,NNP,CHECK
131,9,is,VBZ,VBZ,
131,10,working,VBG,VBG,
131,11,with,IN,IN,
131,12,the,DT,DT,
131,13,retail,JJ,JJ,
131,14,and,CC,CC,
131,15,healthcare,NN,JJ,CHECK
131,16,sectors,NNS,NNS,
131,17,to,TO,TO,
131,18,prepare,VB,VB,
131,19,the,DT,DT,
131,20,businesses,NNS,NNS,
131,21,for,IN,IN,
131,22,the,DT,DT,
131,23,transition,NN,NN,
131,24,to,TO,TO,
131,25,2D,NN,CD,CHECK
131,26,barcodes,NN,NNS,CHECK
131,27,.,.,.,
132,1,Unlike,IN,IN,
132,2,a,DT,DT,
132,3,conventional,JJ,JJ,
132,4,barcode,NN,NN,
132,5,used,VBN,VBN,
132,6,at,IN,IN,
132,7,checkout,NN,NN,
132,8,",",",",",",
132,9,a,DT,DT,
132,10,GS1,NN,NNP,CHECK
132,11,QR,NN,NNP,CHECK
132,12,code,NN,NN,
132,13,can,MD,MD,
132,14,also,RB,RB,
132,15,connect,NN,VB,CHECK
132,16,consumers,NNS,NNS,
132,17,to,TO,TO,
132,18,a,DT,DT,
132,19,wider,NN,NN,
132,20,range,NN,NN,
132,21,of,IN,IN,
132,22,product,NN,NN,
132,23,information,NN,NN,
132,24,and,CC,CC,
132,25,support,NN,NN,
132,26,traceability,NN,NN,
132,27,and,CC,CC,
132,28,product,NN,NN,
132,29,verification,NN,NN,
132,30,through,IN,IN,
132,31,the,DT,DT,
132,32,GS1,NN,NNP,CHECK
132,33,standards,NNS,NNS,
132,34,.,.,.,
133,1,Blink,NN,NNP,CHECK
133,2,International,NNP,NNP,
133,3,has,VBZ,VBZ,
133,4,acquired,VBN,VBN,
133,5,Wristlab,NN,NNP,CHECK
133,6,as,IN,IN,
133,7,part,NN,NN,
133,8,of,IN,IN,
133,9,a,DT,DT,
133,10,long-term,JJ,JJ,
133,11,strategy,NN,NN,
133,12,to,TO,TO,
133,13,elevate,NN,VB,CHECK
133,14,the,DT,DT,
133,15,watch,NN,NN,
133,16,retail,NN,JJ,CHECK
133,17,experience,NN,NN,
133,18,in,IN,IN,
133,19,Sri,NN,NNP,CHECK
133,20,Lanka,NN,NNP,CHECK
133,21,.,.,.,
134,1,Founded,VBN,VBN,
134,2,in,IN,IN,
134,3,2019,CD,CD,
134,4,under,IN,IN,
134,5,Orbit,NN,NNP,CHECK
134,6,Worldwide,NN,NNP,CHECK
134,7,(,NN,(,CHECK
134,8,Pvt,NN,NNP,CHECK
134,9,.,.,.,
134,10,),NN,),CHECK
134,11,Ltd,NNP,NNP,
134,12,",",",",",",
134,13,Wristlab,NN,NNP,CHECK
134,14,was,VBD,VBD,
134,15,created,VBN,VBN,
134,16,to,TO,TO,
134,17,fill,VB,VB,
134,18,the,DT,DT,
134,19,market,NN,NN,
134,20,vacuum,NN,NN,
134,21,for,IN,IN,
134,22,a,DT,DT,
134,23,one-stop,NN,JJ,CHECK
134,24,retail,NN,JJ,CHECK
134,25,experience,NN,NN,
134,26,.,.,.,
135,1,Blink,NN,NNP,CHECK
135,2,founded,VBN,VBD,CHECK
135,3,in,IN,IN,
135,4,2014,NN,CD,CHECK
135,5,under,IN,IN,
135,6,Avarna,NN,NNP,CHECK
135,7,Ventures,NN,NNP,CHECK
135,8,operates,VBZ,VBZ,
135,9,an,DT,DT,
135,10,extensive,JJ,JJ,
135,11,distribution,NN,NN,
135,12,network,NN,NN,
135,13,spanning,NN,VBG,CHECK
135,14,over,IN,IN,
135,15,155,CD,CD,
135,16,authorised,NN,JJ,CHECK
135,17,doors,NNS,NNS,
135,18,across,IN,IN,
135,19,Sri,NN,NNP,CHECK
135,20,Lanka,NN,NNP,CHECK
135,21,",",",",",",
135,22,backed,VBN,VBN,
135,23,by,IN,IN,
135,24,robust,NN,JJ,CHECK
135,25,after-sales,NN,NNS,CHECK
135,26,infrastructure,NN,NN,
135,27,and,CC,CC,
135,28,access,NN,NN,
135,29,to,TO,TO,
135,30,genuine,JJ,VB,CHECK
135,31,parts,NNS,NNS,
135,32,.,.,.,
136,1,Following,VBG,VBG,
136,2,the,DT,DT,
136,3,acquisition,NN,NN,
136,4,",",",",",",
136,5,Wristlab,NN,NNP,CHECK
136,6,will,MD,MD,
136,7,be,VB,VB,
136,8,developed,VBN,VBN,
136,9,as,IN,IN,
136,10,Blink,NN,NNP,CHECK
136,11,'s,POS,POS,
136,12,dedicated,NN,VBN,CHECK
136,13,consumer-facing,NN,NN,
136,14,retail,NN,JJ,CHECK
136,15,platform,NN,NN,
136,16,",",",",",",
136,17,with,IN,IN,
136,18,the,DT,DT,
136,19,ambition,NN,NN,
136,20,of,IN,IN,
136,21,evolving,NN,VBG,CHECK
136,22,it,PRP,PRP,
136,23,into,IN,IN,
136,24,a,DT,DT,
136,25,stronger,JJR,JJR,
136,26,and,CC,CC,
136,27,more,JJR,RBR,CHECK
136,28,comprehensive,JJ,JJ,
136,29,multi-brand,NN,NN,
136,30,watch,NN,NN,
136,31,destination,NN,NN,
136,32,in,IN,IN,
136,33,Sri,NN,NNP,CHECK
136,34,Lanka,NN,NNP,CHECK
136,35,.,.,.,
137,1,The,DT,DT,
137,2,integration,NN,NN,
137,3,delivers,NN,VBZ,CHECK
137,4,a,DT,DT,
137,5,convenient,JJ,NN,CHECK
137,6,and,CC,CC,
137,7,flexible,NN,JJ,CHECK
137,8,digital,NN,JJ,CHECK
137,9,gifting,NN,NN,
137,10,experience,NN,NN,
137,11,while,IN,IN,
137,12,empowering,NN,VBG,CHECK
137,13,the,DT,DT,
137,14,recipients,NN,NNS,CHECK
137,15,with,IN,IN,
137,16,the,DT,DT,
137,17,freedom,NN,NN,
137,18,to,TO,TO,
137,19,choose,VB,VB,
137,20,how,WRB,WRB,
137,21,and,CC,CC,
137,22,where,WRB,WRB,
137,23,they,PRP,PRP,
137,24,use,NN,VBP,CHECK
137,25,their,PRP$,PRP$,
137,26,gift,NN,NN,
137,27,.,.,.,
138,1,It,PRP,PRP,
138,2,entered,VBD,VBD,
138,3,into,IN,IN,
138,4,a,DT,DT,
138,5,strategic,JJ,JJ,
138,6,partnership,NN,NN,
138,7,with,IN,IN,
138,8,Thyaga,NN,NNP,CHECK
138,9,",",",",",",
138,10,Sri,NN,NNP,CHECK
138,11,Lanka,NN,NNP,CHECK
138,12,'s,POS,POS,
138,13,premier,JJ,JJR,CHECK
138,14,digital,NN,JJ,CHECK
138,15,e-gifting,NN,NN,
138,16,voucher,NN,NN,
138,17,platform,NN,NN,
138,18,",",",",",",
138,19,to,TO,TO,
138,20,offer,VB,VB,
138,21,digital,NN,JJ,CHECK
138,22,gifting,NN,NN,
138,23,services,NNS,NNS,
138,24,directly,RB,RB,
138,25,through,IN,IN,
138,26,the,DT,DT,
138,27,LB,NN,NNP,CHECK
138,28,CIM,NN,NNP,CHECK
138,29,app,NN,NN,
138,30,.,.,.,
139,1,The,DT,DT,
139,2,partnership,NN,NN,
139,3,was,VBD,VBD,
139,4,officially,RB,RB,
139,5,launched,VBN,VBN,
139,6,at,IN,IN,
139,7,a,DT,DT,
139,8,signing,VBG,NN,CHECK
139,9,ceremony,NN,NN,
139,10,held,VBN,VBD,CHECK
139,11,at,IN,IN,
139,12,LB,NN,NNP,CHECK
139,13,Finance,NNP,NNP,
139,14,corporate,JJ,JJ,
139,15,office,NN,NN,
139,16,",",",",",",
139,17,marking,NN,VBG,CHECK
139,18,another,DT,DT,
139,19,milestone,NN,NN,
139,20,in,IN,IN,
139,21,LB,NN,NNP,CHECK
139,22,CIM,NN,NNP,CHECK
139,23,'s,POS,POS,
139,24,journey,NN,NN,
139,25,to,TO,TO,
139,26,evolve,VB,VB,
139,27,beyond,IN,IN,
139,28,traditional,JJ,JJ,
139,29,financial,JJ,JJ,
139,30,services,NNS,NNS,
139,31,into,IN,IN,
139,32,a,DT,DT,
139,33,comprehensive,JJ,JJ,
139,34,lifestyle,NN,NN,
139,35,ecosystem,NN,NN,
139,36,.,.,.,
140,1,The,DT,DT,
140,2,digital,NN,JJ,CHECK
140,3,gifting,NN,NN,
140,4,feature,NN,NN,
140,5,is,VBZ,VBZ,
140,6,now,RB,RB,
140,7,live,VB,VBP,CHECK
140,8,on,IN,IN,
140,9,the,DT,DT,
140,10,LB,NN,NNP,CHECK
140,11,CIM,NN,NNP,CHECK
140,12,app,NN,NN,
140,13,.,.,.,
141,1,The,DT,DT,
141,2,initiative,NN,NN,
141,3,strengthens,NN,VBZ,CHECK
141,4,LB,NN,NNP,CHECK
141,5,CIM,NN,NNP,CHECK
141,6,'s,POS,POS,
141,7,positioning,NN,NN,
141,8,as,IN,IN,
141,9,a,DT,DT,
141,10,next-generation,NN,JJ,CHECK
141,11,digital,NN,JJ,CHECK
141,12,platform,NN,NN,
141,13,that,WDT,WDT,
141,14,integrates,NN,VBZ,CHECK
141,15,finance,NN,NN,
141,16,",",",",",",
141,17,lifestyle,NN,NN,
141,18,and,CC,CC,
141,19,essential,NN,JJ,CHECK
141,20,services,NNS,NNS,
141,21,into,IN,IN,
141,22,one,CD,CD,
141,23,seamless,NN,NN,
141,24,experience,NN,NN,
141,25,.,.,.,
142,1,Stable,NN,JJ,CHECK
142,2,Outlook,NN,NNP,CHECK
142,3,reflects,VBZ,VBZ,
142,4,resilient,JJ,JJ,
142,5,financial,JJ,JJ,
142,6,profile,NN,NN,
142,7,and,CC,CC,
142,8,confidence,NN,NN,
142,9,in,IN,IN,
142,10,company,NN,NN,
142,11,'s,POS,POS,
142,12,ability,NN,NN,
142,13,to,TO,TO,
142,14,navigate,NN,VB,CHECK
142,15,cost,NN,NN,
142,16,pressures,NNS,NNS,
142,17,and,CC,CC,
142,18,competitive,JJ,JJ,
142,19,intensity,NN,NN,
142,20,.,.,.,
143,1,The,DT,DT,
143,2,'AA+,NN,'',CHECK
143,3,(,NN,NNP,CHECK
143,4,lka,NN,(,CHECK
143,5,),NN,NN,
143,6,','',),CHECK
143,7,rating,NN,POS,CHECK
143,8,is,VBZ,NN,CHECK
143,9,the,DT,VBZ,CHECK
143,10,second-highest,NN,DT,CHECK
143,11,national,JJ,JJ,
143,12,rating,NN,JJ,CHECK
143,13,on,IN,NN,CHECK
143,14,Fitch,NN,IN,CHECK
143,15,'s,POS,NNP,CHECK
143,16,scale,NN,POS,CHECK
143,17,and,CC,NN,CHECK
143,18,reflects,VBZ,CC,CHECK
143,19,a,DT,VBZ,CHECK
143,20,very,RB,DT,CHECK
143,21,strong,JJ,RB,CHECK
143,22,capacity,NN,JJ,CHECK
143,23,to,TO,NN,CHECK
143,24,meet,VB,TO,CHECK
143,25,financial,JJ,VB,CHECK
143,26,commitments,NNS,JJ,CHECK
143,27,.,.,NNS,CHECK
144,1,It,PRP,PRP,
144,2,also,RB,RB,
144,3,reflects,VBZ,VBZ,
144,4,Fitch,NN,NNP,CHECK
144,5,'s,POS,POS,
144,6,expectation,NN,NN,
144,7,that,IN,IN,
144,8,the,DT,DT,
144,9,company,NN,NN,
144,10,will,MD,MD,
144,11,preserve,NN,VB,CHECK
144,12,adequate,JJ,JJ,
144,13,credit,NN,NN,
144,14,metrics,NN,NNS,CHECK
144,15,despite,IN,IN,
144,16,periods,NNS,NNS,
144,17,of,IN,IN,
144,18,weaker,JJR,JJR,
144,19,earnings,NNS,NNS,
144,20,and,CC,CC,
144,21,elevated,NN,VBN,CHECK
144,22,investment,NN,NN,
144,23,requirements,NNS,NNS,
144,24,.,.,.,
145,1,The,DT,DT,
145,2,Stable,NN,JJ,CHECK
145,3,Outlook,NN,NNP,CHECK
145,4,reflects,VBZ,VBZ,
145,5,Fitch,NN,NNP,CHECK
145,6,'s,POS,POS,
145,7,expectation,NN,NN,
145,8,that,IN,IN,
145,9,CKH,NN,NNP,CHECK
145,10,will,MD,MD,
145,11,maintain,VB,VB,
145,12,its,PRP$,PRP$,
145,13,market,NN,NN,
145,14,position,NN,NN,
145,15,amid,IN,IN,
145,16,rising,VBG,VBG,
145,17,input,NN,NN,
145,18,costs,NNS,NNS,
145,19,and,CC,CC,
145,20,intensifying,NN,VBG,CHECK
145,21,competition,NN,NN,
145,22,from,IN,IN,
145,23,imported,VBN,VBN,
145,24,tyres,NN,NNS,CHECK
145,25,.,.,.,
146,1,The,DT,DT,
146,2,Sri,NN,NNP,CHECK
146,3,Lanka,NN,NNP,CHECK
146,4,fund,NN,NN,
146,5,is,VBZ,VBZ,
146,6,intended,VBN,VBN,
146,7,to,TO,TO,
146,8,create,VB,VB,
146,9,a,DT,DT,
146,10,structured,VBN,JJ,CHECK
146,11,channel,VBP,NN,CHECK
146,12,for,IN,IN,
146,13,capital,NN,NN,
146,14,into,IN,IN,
146,15,listed,VBN,VBN,
146,16,and,CC,CC,
146,17,private,JJ,JJ,
146,18,Sri,NN,NNP,CHECK
146,19,Lankan,NN,NNP,CHECK
146,20,companies,NNS,NNS,
146,21,",",",",",",
146,22,leveraging,VBG,VBG,
146,23,complementary,NN,JJ,CHECK
146,24,deal,NN,NN,
146,25,flow,NN,NN,
146,26,",",",",",",
146,27,research,NN,NN,
146,28,and,CC,CC,
146,29,investor,NN,NN,
146,30,networks,NNS,NNS,
146,31,on,IN,IN,
146,32,both,DT,DT,
146,33,sides,NNS,NNS,
146,34,of,IN,IN,
146,35,the,DT,DT,
146,36,Palk,NN,NNP,CHECK
146,37,Strait,NNP,NNP,
146,38,.,.,.,
147,1,The,DT,DT,
147,2,Colombo,NN,NNP,CHECK
147,3,desk,NN,NN,
147,4,will,MD,MD,
147,5,be,VB,VB,
147,6,hosted,VBD,VBN,CHECK
147,7,by,IN,IN,
147,8,Ambeon,NN,NNP,CHECK
147,9,(,NN,(,CHECK
147,10,or,CC,CC,
147,11,an,DT,DT,
147,12,affiliate,NN,NN,
147,13,),NN,),CHECK
147,14,",",",",",",
147,15,with,IN,IN,
147,16,a,DT,DT,
147,17,primary,JJ,JJ,
147,18,focus,NN,NN,
147,19,on,IN,IN,
147,20,facilitating,NN,VBG,CHECK
147,21,investment,NN,NN,
147,22,into,IN,IN,
147,23,India,NNP,NNP,
147,24,and,CC,CC,
147,25,other,JJ,JJ,
147,26,agreed,VBD,VBD,
147,27,markets,NNS,NNS,
147,28,",",",",",",
147,29,while,IN,IN,
147,30,also,RB,RB,
147,31,originating,NN,VBG,CHECK
147,32,Sri,NN,NNP,CHECK
147,33,Lankan,NN,NNP,CHECK
147,34,opportunities,NNS,NNS,
147,35,.,.,.,
148,1,The,DT,DT,
148,2,Chennai,NN,NNP,CHECK
148,3,desk,NN,NN,
148,4,will,MD,MD,
148,5,be,VB,VB,
148,6,hosted,VBD,VBN,CHECK
148,7,by,IN,IN,
148,8,Sincere,NN,NNP,CHECK
148,9,Syndication,NN,NNP,CHECK
148,10,",",",",",",
148,11,with,IN,IN,
148,12,Avyukthi,NN,NNP,CHECK
148,13,providing,VBG,VBG,
148,14,tax,NN,NN,
148,15,",",",",",",
148,16,regulatory,JJ,JJ,
148,17,",",",",",",
148,18,structuring,NN,VBG,CHECK
148,19,",",",",",",
148,20,diligence,NN,NN,
148,21,and,CC,CC,
148,22,transaction-support,NN,NN,
148,23,capabilities,NN,NNS,CHECK
148,24,.,.,.,
149,1,In,IN,IN,
149,2,parallel,VB,NN,CHECK
149,3,",",",",",",
149,4,Ambeon,NN,NNP,CHECK
149,5,is,VBZ,VBZ,
149,6,working,VBG,VBG,
149,7,with,IN,IN,
149,8,the,DT,DT,
149,9,partners,NNS,NNS,
149,10,on,IN,IN,
149,11,the,DT,DT,
149,12,launch,NN,NN,
149,13,of,IN,IN,
149,14,a,DT,DT,
149,15,dedicated,NN,JJ,CHECK
149,16,Sri,NN,NNP,CHECK
149,17,Lanka,NN,NNP,CHECK
149,18,fund,NN,NN,
149,19,focused,VBN,VBD,CHECK
149,20,on,IN,IN,
149,21,Sri,NN,NNP,CHECK
149,22,Lankan,NN,NNP,CHECK
149,23,companies,NNS,NNS,
149,24,",",",",",",
149,25,structured,VBN,VBN,
149,26,in,IN,IN,
149,27,partnership,NN,NN,
149,28,with,IN,IN,
149,29,Sincere,NN,NNP,CHECK
149,30,Syndication,NN,NNP,CHECK
149,31,'s,POS,POS,
149,32,Bharat,NN,NNP,CHECK
149,33,Transformation,NN,NNP,CHECK
149,34,Fund,NNP,NNP,
149,35,.,.,.,
150,1,Indian,NN,JJ,CHECK
150,2,capital,NN,NN,
150,3,is,VBZ,VBZ,
150,4,increasingly,RB,RB,
150,5,looking,VBG,VBG,
150,6,beyond,IN,IN,
150,7,domestic,JJ,JJ,
150,8,borders,NNS,NNS,
150,9,for,IN,IN,
150,10,growth,NN,NN,
150,11,opportunities,NNS,NNS,
150,12,.,.,.,
