word,count,gold_tag,predicted_tag,result
Sri,13,NNP,NN,wrong
Lanka,11,NNP,NN,wrong
Iran,7,NNP,NN,wrong
(,7,(,NN,wrong
),7,),NN,wrong
solar,6,JJ,NN,wrong
Iranian,6,JJ,NN,wrong
Yanbu,6,NNP,NN,wrong
GS1,6,NNP,NN,wrong
Colombo,5,NNP,NN,wrong
Hormuz,5,NNP,NN,wrong
Houthis,5,NNP,NN,wrong
infrastructure,5,NN,NN,ok
ICAO,5,NNP,NN,wrong
digital,5,JJ,NN,wrong
LB,5,NNP,NN,wrong
MW,4,NNP,NN,wrong
2025,4,CD,NN,wrong
ecosystem,4,NN,NN,ok
Swedish,4,NNP,NN,wrong
platform,4,NN,NN,ok
Lankan,4,NNP,NN,wrong
CIM,4,NNP,NN,wrong
rooftop,3,VB,NN,wrong
grid,3,NN,NN,ok
Sheeran,3,NNP,NN,wrong
UN,3,NNP,NN,wrong
vessels,3,NNS,NN,wrong
drones,3,NNS,NN,wrong
lanes,3,NNS,NN,wrong
gap,3,NN,NN,ok
BRICS,3,NNP,NN,wrong
Lin,3,NNP,NN,wrong
Ukraine,3,NNP,NN,wrong
Houthi,3,NNP,NN,wrong
SLAAA,3,NNP,NN,wrong
Nordic,3,NNP,NN,wrong
Cinnamon,3,NNP,NN,wrong
Blink,3,NNP,NN,wrong
Wristlab,3,NNP,NN,wrong
gifting,3,NN,NN,ok
Fitch,3,NNP,NN,wrong
Border,2,NNP,NN,wrong
CBSA,2,NNP,NN,wrong
kilograms,2,NNS,NN,wrong
ground-mounted,2,JJ,NN,wrong
transport,2,NN,NN,ok
Spencer,2,NN,NN,ok
participating,2,VBG,NN,wrong
Araghchi,2,NNP,NN,wrong
strikes,2,NNS,NN,wrong
attacked,2,VBN,NN,wrong
Bab,2,NNP,NN,wrong
intercepted,2,VBN,NN,wrong
ballistic,2,JJ,NN,wrong
mediators,2,NNS,NN,wrong
wider,2,VB,NN,wrong
dependency,2,NN,NN,ok
robots,2,NNS,NN,wrong
technological,2,JJ,NN,wrong
leverage,2,NN,NN,ok
robotics,2,NNS,NN,wrong
Patriot,2,NNP,NN,wrong
defence,2,NN,NN,ok
East-West,2,NNP,NN,wrong
AASL,2,NNP,NN,wrong
TRAINAIR,2,NNP,NN,wrong
aviation,2,NN,NN,ok
organisations,2,NNS,NN,wrong
programme,2,NN,NN,ok
Bun,2,NNP,NN,wrong
journey,2,NN,NN,ok
evolving,2,NN,NN,ok
Sunrise,2,NNP,NN,wrong
2027,2,CD,NN,wrong
checkout,2,NN,NN,ok
2D,2,CD,NN,wrong
barcodes,2,NNS,NN,wrong
QR,2,NNP,NN,wrong
codes,2,NNS,NN,wrong
dedicated,2,VBN,NN,wrong
app,2,NN,NN,ok
lifestyle,2,NN,NN,ok
desk,2,NN,NN,ok
Ambeon,2,NNP,NN,wrong
Sincere,2,NNP,NN,wrong
suitcases,1,NNS,NN,wrong
illicit,1,JJ,NN,wrong
substances,1,NNS,NN,wrong
bound,1,NN,NN,ok
Pearson,1,NNP,NN,wrong
Airport,1,NNP,NN,wrong
CTV,1,NNP,NN,wrong
spokesperson,1,NN,NN,ok
seizure,1,NN,NN,ok
Sept,1,NNP,NN,wrong
hashish,1,NN,NN,ok
cocaine,1,NN,NN,ok
remanded,1,VBN,NN,wrong
detection,1,NN,NN,ok
deception,1,NN,NN,ok
in-depth,1,JJ,NN,wrong
Anura,1,NNP,NN,wrong
Karunathilake,1,NNP,NN,wrong
baseless,1,JJ,NN,wrong
facilitated,1,VBN,NN,wrong
"1,513",1,CD,NN,wrong
"1,141.1",1,CD,NN,wrong
2026,1,CD,NN,wrong
"4,585.7",1,CD,NN,wrong
commuters,1,NNS,NN,wrong
congestion,1,NN,NN,ok
safest,1,JJS,NN,wrong
silence,1,NN,NN,ok
ensuring,1,VBG,NN,wrong
defend,1,VB,NN,wrong
recollection,1,NN,NN,ok
relationships,1,NNS,NN,wrong
intertwined,1,VBN,NN,wrong
relatives,1,NNS,NN,wrong
strangers,1,NNS,NN,wrong
King,1,NNP,NN,wrong
sensibly,1,RB,NN,wrong
brother-in-law,1,NN,NN,ok
subsequently,1,RB,NN,wrong
Objections,1,NNS,NN,wrong
venues,1,NNS,NN,wrong
dates,1,NNS,NN,wrong
promoter,1,NN,NN,ok
Macklemore,1,NNP,NN,wrong
overly,1,RB,NN,wrong
rehearsed,1,VBN,NN,wrong
distance,1,NN,NN,ok
Advisers,1,NNS,NN,wrong
recognise,1,VB,NN,wrong
straightforward,1,JJ,NN,wrong
sits,1,NNS,NN,wrong
celebrities,1,NNS,NN,wrong
Abbas,1,NNP,NN,wrong
Arab,1,NNP,NN,wrong
blocking,1,VBG,NN,wrong
liquefied,1,VBD,NN,wrong
closure,1,NN,NN,ok
memorandum,1,NN,NN,ok
MOU,1,NNP,NN,wrong
14-point,1,JJ,NN,wrong
authorisation,1,NN,NN,ok
tankers,1,NNS,NN,wrong
Pezeshkian,1,NN,NN,ok
inspectors,1,NNS,NN,wrong
transits,1,NNS,NN,wrong
dropping,1,VBG,NN,wrong
Kpler,1,NNP,NN,wrong
analytics,1,NNS,NN,wrong
strategically,1,RB,NN,wrong
stretches,1,NNS,NN,wrong
Mokha,1,NNP,NN,wrong
overlooks,1,VBZ,NN,wrong
al-Mandab,1,JJ,NN,wrong
chokepoint,1,NN,NN,ok
Saudi-led,1,JJ,NN,wrong
coalition,1,NN,NN,ok
Yemen,1,NNP,NN,wrong
towards,1,NNS,NN,wrong
annihilate,1,VB,NN,wrong
Republic,1,NNP,NN,wrong
governing,1,VBG,NN,wrong
bus,1,NN,NN,ok
Oman,1,NNP,NN,wrong
resumed,1,VBD,NN,wrong
blockade,1,NN,NN,ok
BBC,1,NNP,NN,wrong
eluded,1,VBD,NN,wrong
infrastructures,1,NNS,NN,wrong
easiest,1,JJS,NN,wrong
jettisoning,1,VBG,NN,wrong
estimations,1,NNS,NN,wrong
285.9,1,CD,NN,wrong
2024,1,CD,NN,wrong
installations,1,NNS,NN,wrong
"34,000",1,CD,NN,wrong
robot,1,NN,NN,ok
deployed,1,VBN,NN,wrong
components,1,NNS,NN,wrong
strengthen,1,NN,NN,ok
maintains,1,VBZ,NN,wrong
capacities,1,NNS,NN,wrong
unmatched,1,JJ,NN,wrong
frontier,1,JJR,NN,wrong
retains,1,VBZ,NN,wrong
pursuing,1,VBG,NN,wrong
matures,1,VBZ,NN,wrong
shaped,1,VBN,NN,wrong
minerals,1,NNS,NN,wrong
fray,1,NN,NN,ok
two-pronged,1,JJ,NN,wrong
dominate,1,VB,NN,wrong
US-and-allied,1,JJ,NN,wrong
embodied,1,VBN,NN,wrong
battleground,1,NN,NN,ok
adversaries,1,NNS,NN,wrong
horse,1,NN,NN,ok
surveillance,1,NN,NN,ok
cyberattacks,1,NNS,NN,wrong
supply-chain,1,JJ,NN,wrong
remote,1,JJ,NN,wrong
revolutions,1,NNS,NN,wrong
underpinning,1,JJ,NN,wrong
unequal,1,JJ,NN,wrong
divide,1,NN,NN,ok
adoption,1,NN,NN,ok
lag,1,NN,NN,ok
Lagos,1,NNP,NN,wrong
Sao,1,NNP,NN,wrong
Paulo,1,NNP,NN,wrong
Jakarta,1,NNP,NN,wrong
download,1,VB,NN,wrong
adapt,1,VB,NN,wrong
technology-transfer,1,JJ,NN,wrong
object,1,NN,NN,ok
postwar,1,JJ,NN,wrong
flowed,1,VBD,NN,wrong
co-operation,1,NN,NN,ok
latecomers,1,NNS,NN,wrong
legacy,1,NN,NN,ok
latecomer,1,JJ,NN,wrong
productive,1,JJ,NN,wrong
governed,1,VBN,NN,wrong
talent,1,NN,NN,ok
transform,1,VB,NN,wrong
GDP,1,NNP,NN,wrong
purchasing-power-parity,1,NN,NN,ok
G7,1,NNP,NN,wrong
IMF,1,NNP,NN,wrong
Ukrainian,1,JJ,NN,wrong
Volodymyr,1,NNP,NN,wrong
Zelensky,1,NNP,NN,wrong
Kyiv,1,NNP,NN,wrong
tries,1,VBZ,NN,wrong
relentless,1,NN,NN,ok
aerial,1,JJ,NN,wrong
Patriots,1,NNS,NN,wrong
NATO,1,NNP,NN,wrong
summit,1,NN,NN,ok
CNN,1,NNP,NN,wrong
terminal,1,NN,NN,ok
peers,1,NNS,NN,wrong
Turkiye,1,NNP,NN,wrong
hosts,1,NNS,NN,wrong
refining,1,NN,NN,ok
Ansar,1,NNP,NN,wrong
Allah,1,NNP,NN,wrong
disrupting,1,VBG,NN,wrong
Mecca,1,NNP,NN,wrong
civilian,1,JJ,NN,wrong
mufti,1,NN,NN,ok
Prince,1,NNP,NN,wrong
Faisal,1,NNP,NN,wrong
Farhan,1,NNP,NN,wrong
Saud,1,NNP,NN,wrong
Yemeni,1,NNP,NN,wrong
Mocha,1,NNP,NN,wrong
al-Mandeb,1,JJ,NN,wrong
briefly,1,NN,NN,ok
topping,1,VBG,NN,wrong
105.77,1,CD,NN,wrong
struck,1,VBN,NN,wrong
Aramco,1,NNP,NN,wrong
Strikes,1,NNS,NN,wrong
disrupted,1,VBN,NN,wrong
linking,1,VBG,NN,wrong
Saudis,1,NNP,NN,wrong
Emmanuel,1,NNP,NN,wrong
Macron,1,NNP,NN,wrong
broadcasters,1,NNS,NN,wrong
TF1,1,NNP,NN,wrong
radars,1,NNS,NN,wrong
plaque,1,NN,NN,ok
Admiral,1,NNP,NN,wrong
Kanchana,1,NNP,NN,wrong
Banagoda,1,NNP,NN,wrong
Retd,1,NNP,NN,wrong
Kishantha,1,NNP,NN,wrong
Nimalaratne,1,NNP,NN,wrong
Programme,1,NNP,NN,wrong
worldwide,1,NN,NN,ok
2007,1,CD,NN,wrong
organisation,1,NN,NN,ok
Academy,1,NNP,NN,wrong
specialised,1,JJ,NN,wrong
expertise,1,NN,NN,ok
Instructional,1,NNP,NN,wrong
Validator,1,NNP,NN,wrong
assesses,1,VBZ,NN,wrong
lakeside,1,JJ,NN,wrong
7:00,1,CD,NN,wrong
10:30,1,CD,NN,wrong
"Rs.8,500",1,NNP,NN,wrong
nett,1,FW,NN,wrong
celebrations,1,NNS,NN,wrong
Lounge,1,NNP,NN,wrong
culinary,1,JJ,NN,wrong
Chef,1,NNP,NN,wrong
Carola,1,NNP,NN,wrong
much-loved,1,JJ,NN,wrong
cinnamon,1,NN,NN,ok
buns,1,NNS,NN,wrong
specially,1,RB,NN,wrong
curated,1,VBN,NN,wrong
dining,1,VBG,NN,wrong
enquiries,1,NNS,NN,wrong
contact,1,JJ,NN,wrong
Lakeside,1,NNP,NN,wrong
Kandy,1,NNP,NN,wrong
Advocata,1,NNP,NN,wrong
Dhananath,1,NNP,NN,wrong
keynote,1,NN,NN,ok
sharing,1,VBG,NN,wrong
perspectives,1,NNS,NN,wrong
landscape,1,NN,NN,ok
Tishan,1,NNP,NN,wrong
Subasinghe,1,NNP,NN,wrong
NTB,1,NNP,NN,wrong
Arosha,1,NNP,NN,wrong
Liyanaarachchi,1,NNP,NN,wrong
Metro,1,NNP,NN,wrong
Matrix,1,NNP,NN,wrong
alongside,1,VBP,NN,wrong
1D,1,CD,NN,wrong
UPC,1,NNP,NN,wrong
stripes,1,NNS,NN,wrong
end-2027,1,NN,NN,ok
AGM,1,NNP,NN,wrong
Revan,1,NNP,NN,wrong
recognised,1,VBN,NN,wrong
identity,1,NN,NN,ok
healthcare,1,JJ,NN,wrong
barcode,1,NN,NN,ok
connect,1,VB,NN,wrong
traceability,1,NN,NN,ok
verification,1,NN,NN,ok
elevate,1,VB,NN,wrong
Orbit,1,NNP,NN,wrong
Worldwide,1,NNP,NN,wrong
Pvt,1,NNP,NN,wrong
vacuum,1,NN,NN,ok
one-stop,1,JJ,NN,wrong
2014,1,CD,NN,wrong
Avarna,1,NNP,NN,wrong
spanning,1,VBG,NN,wrong
authorised,1,JJ,NN,wrong
robust,1,JJ,NN,wrong
after-sales,1,NNS,NN,wrong
consumer-facing,1,NN,NN,ok
ambition,1,NN,NN,ok
multi-brand,1,NN,NN,ok
delivers,1,VBZ,NN,wrong
flexible,1,JJ,NN,wrong
empowering,1,VBG,NN,wrong
recipients,1,NNS,NN,wrong
Thyaga,1,NNP,NN,wrong
e-gifting,1,NN,NN,ok
voucher,1,NN,NN,ok
ceremony,1,NN,NN,ok
marking,1,VBG,NN,wrong
strengthens,1,VBZ,NN,wrong
positioning,1,NN,NN,ok
next-generation,1,JJ,NN,wrong
integrates,1,VBZ,NN,wrong
essential,1,JJ,NN,wrong
seamless,1,NN,NN,ok
profile,1,NN,NN,ok
navigate,1,VB,NN,wrong
AA+,1,NNP,NN,wrong
lka,1,NN,NN,ok
second-highest,1,JJ,NN,wrong
preserve,1,VB,NN,wrong
metrics,1,NNS,NN,wrong
elevated,1,VBN,NN,wrong
CKH,1,NNP,NN,wrong
input,1,NN,NN,ok
intensifying,1,VBG,NN,wrong
tyres,1,NNS,NN,wrong
complementary,1,JJ,NN,wrong
Palk,1,NNP,NN,wrong
facilitating,1,VBG,NN,wrong
originating,1,VBG,NN,wrong
Chennai,1,NNP,NN,wrong
Avyukthi,1,NNP,NN,wrong
structuring,1,VBG,NN,wrong
diligence,1,NN,NN,ok
transaction-support,1,NN,NN,ok
capabilities,1,NNS,NN,wrong
Bharat,1,NNP,NN,wrong
Transformation,1,NNP,NN,wrong
Indian,1,JJ,NN,wrong
