tag,precision,recall,f1,support
$,1.0000,1.0000,1.0000,3
'',0.8889,0.8889,0.8889,9
(,0.0000,0.0000,0.0000,7
),0.0000,0.0000,0.0000,7
",",1.0000,1.0000,1.0000,126
.,1.0000,1.0000,1.0000,151
:,1.0000,1.0000,1.0000,9
CC,1.0000,1.0000,1.0000,95
CD,1.0000,0.6379,0.7789,58
DT,0.9967,0.9967,0.9967,306
EX,1.0000,1.0000,1.0000,2
FW,0.0000,0.0000,0.0000,1
IN,0.9766,0.9653,0.9709,346
JJ,0.9379,0.6163,0.7438,245
JJR,0.6667,0.7692,0.7143,13
JJS,0.8571,0.7500,0.8000,8
MD,1.0000,1.0000,1.0000,41
NN,0.4528,0.9563,0.6146,481
NNP,0.9536,0.3487,0.5106,413
NNPS,0.5000,1.0000,0.6667,3
NNS,0.9735,0.6419,0.7737,229
POS,0.9545,0.9545,0.9545,22
PRP,1.0000,1.0000,1.0000,39
PRP$,1.0000,1.0000,1.0000,27
RB,0.9149,0.8269,0.8687,104
RBR,0.5000,0.1667,0.2500,6
RBS,0.0000,0.0000,0.0000,1
RP,0.6667,0.8000,0.7273,5
TO,1.0000,1.0000,1.0000,87
UH,0.0000,0.0000,0.0000,1
VB,0.8125,0.7091,0.7573,110
VBD,0.7701,0.7882,0.7791,85
VBG,0.8906,0.6477,0.7500,88
VBN,0.7612,0.5862,0.6623,87
VBP,0.6667,0.6207,0.6429,29
VBZ,0.9213,0.8632,0.8913,95
WDT,0.6154,0.8889,0.7273,9
WP,1.0000,1.0000,1.0000,1
WRB,1.0000,1.0000,1.0000,7
``,1.0000,1.0000,1.0000,8
